Game;SceneID;FromEntranceID;From;ToEntranceID;To;ElapsedSec
0;0x34;0x272;Link's House - Kokiri Forest;0x211;Link's House -> Kokiri Forest ;1.9676
0;0x55;0x211;Kokiri Forest  - Link's House;0x437;Kokiri Forest -> Saria's House;11.4633
0;0x55;0x211;Kokiri Forest  - Link's House;0x0;Kokiri Forest -> Deku Tree;40.2498
0;0x55;0x211;Kokiri Forest  - Link's House;0x272;Kokiri Forest -> Link's House;2.05898
0;0x55;0x211;Kokiri Forest  - Link's House;0x433;Kokiri Forest -> Mido's House;14.527
0;0x55;0x211;Kokiri Forest  - Link's House;0xc1;Kokiri Forest -> Kokiri Shop;17.5114
0;0x55;0x211;Kokiri Forest  - Link's House;0xc9;Kokiri Forest -> Know-It-All Brothers;17.4922
0;0x55;0x211;Kokiri Forest  - Link's House;0x5e0;Kokiri Forest Bridge -> Lost Woods;19.063
0;0x55;0x211;Kokiri Forest  - Link's House;0x11e;Kokiri Forest -> Lost Woods;32.2732
0;0x55;0x211;Kokiri Forest  - Link's House;0x1000;Kokiri Forest -> Storms Grotto;43.101
0;0x65;0x1000;Storms Grotto - Kokiri Forest;0x1100;Storms Grotto -> Kokiri Forest;3.94316
0;0x55;0x1100;Kokiri Forest - Storms Grotto;0x11e;Kokiri Forest -> Lost Woods;4.97385
0;0x55;0x1100;Kokiri Forest - Storms Grotto;0x433;Kokiri Forest -> Mido's House;10.0917
0;0x55;0x1100;Kokiri Forest - Storms Grotto;0xc9;Kokiri Forest -> Know-It-All Brothers;15.2726
0;0x55;0x1100;Kokiri Forest - Storms Grotto;0xc1;Kokiri Forest -> Kokiri Shop;15.4376
0;0x55;0x1100;Kokiri Forest - Storms Grotto;0x272;Kokiri Forest -> Link's House;25.2556
0;0x55;0x1100;Kokiri Forest - Storms Grotto;0x437;Kokiri Forest -> Saria's House;20.1723
0;0x55;0x1100;Kokiri Forest - Storms Grotto;0x0;Kokiri Forest -> Deku Tree;38.5764
0;0x55;0x1100;Kokiri Forest - Storms Grotto;0x5e0;Kokiri Forest Bridge -> Lost Woods;13.2566
0;0x55;0x1100;Kokiri Forest - Storms Grotto;0x9c;Kokiri Forest -> Twin's House;21.1919
0;0x27;0x9c;Twin's House - Kokiri Forest;0x33c;Twin's House -> Kokiri Forest;3.72426
0;0x55;0x33c;Kokiri Forest - Twin's House;0x0;Kokiri Forest -> Deku Tree;29.6192
0;0x55;0x33c;Kokiri Forest - Twin's House;0xc1;Kokiri Forest -> Kokiri Shop;7.73089
0;0x55;0x33c;Kokiri Forest - Twin's House;0x437;Kokiri Forest -> Saria's House;7.58674
0;0x55;0x33c;Kokiri Forest - Twin's House;0x272;Kokiri Forest -> Link's House;14.8065
0;0x55;0x33c;Kokiri Forest - Twin's House;0x433;Kokiri Forest -> Mido's House;12.7651
0;0x55;0x33c;Kokiri Forest - Twin's House;0xc9;Kokiri Forest -> Know-It-All Brothers;17.2801
0;0x55;0x33c;Kokiri Forest - Twin's House;0x5e0;Kokiri Forest Bridge -> Lost Woods;20.3599
0;0x55;0x33c;Kokiri Forest - Twin's House;0x1000;Kokiri Forest -> Storms Grotto;41.4406
0;0x55;0x33c;Kokiri Forest - Twin's House;0x11e;Kokiri Forest -> Lost Woods;30.3068
0;0x5b;0x11e;Lost Woods - Kokiri Forest;0x286;Lost Woods -> Kokiri Forest;7.74363
0;0x55;0x286;Kokiri Forest - Lost Woods;0x0;Kokiri Forest -> Deku Tree;38.1305
0;0x55;0x286;Kokiri Forest - Lost Woods;0x9c;Kokiri Forest -> Twin's House;18.2378
0;0x55;0x286;Kokiri Forest - Lost Woods;0xc1;Kokiri Forest -> Kokiri Shop;12.0215
0;0x55;0x286;Kokiri Forest - Lost Woods;0x437;Kokiri Forest -> Saria's House;15.7886
0;0x55;0x286;Kokiri Forest - Lost Woods;0x272;Kokiri Forest -> Link's House;21.8646
0;0x55;0x286;Kokiri Forest - Lost Woods;0x433;Kokiri Forest -> Mido's House;9.60523
0;0x55;0x286;Kokiri Forest - Lost Woods;0xc9;Kokiri Forest -> Know-It-All Brothers;15.5148
0;0x55;0x286;Kokiri Forest - Lost Woods;0x5e0;Kokiri Forest Bridge -> Lost Woods;12.5
0;0x55;0x286;Kokiri Forest - Lost Woods;0x1000;Kokiri Forest -> Storms Grotto;13.3405
0;0x55;0x443;Kokiri Forest - Mido's House;0xc9;Kokiri Forest -> Know-It-All Brothers;9.90474
0;0x26;0xc9;Know-It-All Brothers - Kokiri Forest;0x26a;Know-It-All Brothers -> Kokiri Forest;11.7797
0;0x28;0x433;Mido's House - Kokiri Forest;0x443;Mido's House -> Kokiri Forest;5.72031
0;0x55;0x443;Kokiri Forest - Mido's House;0x5e0;Kokiri Forest Bridge -> Lost Woods;25.3727
1;0x6d;0xd420;West Clock Town - South West Clock Town Top;0xd830;West Clock Town Top -> South Clock Town;9.65619
1;0x6f;0xd830;South Clock Town - West Clock Town Top;0xd620;South Clock Town -> North Clock Town;6.03389
1;0x6e;0xd620;North Clock Town - South Clock Town;0xd840;North Clock Town -> South Clock Town;4.69289
1;0x6f;0xd840;South Clock Town - North Clock Town;0xd230;South East Clock Town Top -> East Clock Town;7.11166
1;0x6c;0xd230;East Clock Town - South East Clock Town Top;0xd820;East Clock Town Top -> South East Clock Town;4.09269
1;0x6f;0xd820;South East Clock Town - East Clock Town Top;0xd410;South West Clock Town Bottom -> West Clock Town;10.0455
1;0x6d;0xd410;West Clock Town - South West Clock Town Bottom;0xd850;West Clock Town Bottom -> South West Clock Town;4.29842
1;0x6f;0xd850;South West Clock Town - West Clock Town Bottom;0xda00;South Clock Town -> Laundry Pool;5.91983
1;0x70;0xda00;Laundry Pool - South Clock Town;0xd860;Laundry Pool -> South Clock Town;3.70504
1;0x6f;0xd860;South Clock Town - Laundry Pool;0x5460;South Clock Town -> Termina Field;6.78238
1;0x2d;0x5460;Termina Field - South Clock Town;0xd810;Termina Field -> South Clock Town;4.61279
1;0x6f;0xd810;South Clock Town - Termina Field;0xd210;South East Clock Town Bottom -> East Clock Town;10.9225
1;0x6c;0xd210;East Clock Town - South East Clock Town Bottom;0xd870;East Clock Town Bottom -> South East Clock Town;3.96317
1;0x6f;0xd870;South East Clock Town - East Clock Town Bottom;0xd210;South East Clock Town Bottom -> East Clock Town;3.67912
1;0x6c;0xd210;East Clock Town - South East Clock Town Bottom;0x3a00;East Clock Town -> Town Archery;4.53218
1;0x20;0x3a00;Town Archery - East Clock Town;0xd280;Town Archery -> East Clock Town;3.6745
1;0x6c;0xd280;East Clock Town - Town Archery;0x800;East Clock Town -> Honey and Darling;5.68005
1;0x11;0x800;Honey and Darling - East Clock Town;0xd260;Honey and Darling -> East Clock Town;3.49314
1;0x6c;0xd260;East Clock Town - Honey and Darling;0x2800;East Clock Town -> Treasure Chest Game;6.56675
1;0x17;0x2800;Treasure Chest Game - East Clock Town;0xd240;Treasure Chest Game -> East Clock Town;3.8756
1;0x6c;0xd240;East Clock Town - Treasure Chest Game;0xbc10;East Clock Town -> Stock Pot Inn Roof;11.837
1;0x61;0xbc10;Stock Pot Inn Roof - East Clock Town;0xd2a0;Stock Pot Inn Roof -> East Clock Town;4.12943
1;0x6c;0xd2a0;East Clock Town - Stock Pot Inn Roof;0x4c00;East Clock Town -> Astral Observatory;26.6606
1;0x29;0x4c00;Astral Observatory - East Clock Town;0xd220;Astral Observatory -> East Clock Town;2.90539
1;0x6c;0xd220;East Clock Town - Astral Observatory;0x5470;East Clock Town -> Termina Field;16.188
1;0x2d;0x5470;Termina Field - East Clock Town;0xd200;Termina Field -> East Clock Town;4.5523
1;0x6c;0xd200;East Clock Town - Termina Field;0xbc00;East Clock Town -> Stock Pot Inn;5.76888
1;0x61;0xbc00;Stock Pot Inn - East Clock Town;0xd290;Stock Pot Inn -> East Clock Town;5.06157
1;0x6c;0xd290;East Clock Town - Stock Pot Inn;0x0;East Clock Town -> Mayor's Office;18.8822
1;0x12;0x0;Mayor's Office - East Clock Town;0xd270;Mayor's Office -> East Clock Town;4.8704
1;0x6c;0xd270;East Clock Town - Mayor's Office;0xd610;East Clock Town -> North Clock Town;4.80275
1;0x6e;0xd610;North Clock Town - East Clock Town;0xd250;North Clock Town -> East Clock Town;3.50687
1;0x6c;0xd250;East Clock Town - North Clock Town;0xd610;East Clock Town -> North Clock Town;5.10914
1;0x6e;0xd610;North Clock Town - East Clock Town;0x5480;North Clock Town -> Termina Field;7.64521
1;0x2d;0x5480;Termina Field - North Clock Town;0xd600;Termina Field -> North Clock Town;4.77074
1;0x6e;0xd600;North Clock Town - Termina Field;0x3600;North Clock Town -> Deku Playground Grotto;8.16423
1;0x1e;0x3600;Deku Playground Grotto - North Clock Town;0xd640;Deku Playground Grotto -> North Clock Town;3.35359
1;0x6e;0xd640;North Clock Town - Deku Playground Grotto;0x4600;North Clock Town -> Town Fairy Fountain;4.73129
1;0x4;0x4600;Town Fairy Fountain - North Clock Town;0xd630;Clock Town Fairy Fountain -> North Clock Town;3.05958
1;0x6e;0xd630;North Clock Town - Clock Town Fairy Fountain;0xd840;North Clock Town -> South Clock Town;16.9362
1;0x6f;0xd840;South Clock Town - North Clock Town;0xd420;South West Clock Town Top -> West Clock Town;8.80695
1;0x6d;0xd420;West Clock Town - South West Clock Town Top;0x5600;West Clock Town -> Post Office;18.9763
1;0x2e;0x5600;Post Office - West Clock Town;0xd470;Post Office -> West Clock Town;4.24351
1;0x6d;0xd470;West Clock Town - Post Office;0xa200;West Clock Town -> Swordsman School;4.31991
1;0x54;0xa200;Swordsman School - West Clock Town;0xd430;Swordsman School -> West Clock Town;6.18145
1;0x6d;0xd430;West Clock Town - Swordsman School;0xca00;West Clock Town -> Bomb Shop;6.55155
1;0x68;0xca00;Bomb Shop - West Clock Town;0xd460;Bomb Shop -> West Clock Town;5.20752
1;0x6d;0xd460;West Clock Town - Bomb Shop;0x6200;West Clock Town -> Trading Post;4.92576
1;0x34;0x6200;Trading Post - West Clock Town;0xd450;Trading Post -> West Clock Town;4.57232
1;0x6d;0xd450;West Clock Town - Trading Post;0xe00;West Clock Town -> Curiosity Shop;9.28955
1;0xd;0xe00;Curiosity Shop - West Clock Town;0xd440;Curiosity Shop -> West Clock Town;10.3346
1;0x6d;0xd440;West Clock Town - Curiosity Shop;0x6c00;West Clock Town -> Lottery;9.89714
1;0x39;0x6c00;Lottery - West Clock Town;0xd480;Lottery -> West Clock Town;3.03047
1;0x6d;0xd480;West Clock Town - Lottery;0x5400;West Clock Town -> Termina Field;5.55589
1;0x2d;0x5400;Termina Field - West Clock Town;0xd400;Termina Field -> West Clock Town;4.40537
1;0x6d;0xd400;West Clock Town - Termina Field;0x5400;West Clock Town -> Termina Field;4.13229
1;0x2d;0x5400;Termina Field - West Clock Town;0x14b0;Termina Field -> Bio Baba Grotto;19.1121
1;0x80;0x14b0;Bio Baba Grotto - Termina Field;0x10116;Bio Baba Grotto -> Termina Field;4.03254
1;0x2d;0x10116;Termina Field - Bio Baba Grotto;0x6800;Termina Field -> Great Bay Coast;14.3794
1;0x37;0x6800;Great Bay Coast - Termina Field;0x5420;Great Bay Coast -> Termina Field;6.8378
1;0x2d;0x5420;Termina Field - Great Bay Coast;0x14d0;Termina Field -> Peahat Grotto;45.8296
1;0x81;0x14d0;Peahat Grotto - Termina Field;0x10115;Peahat Grotto -> Termina Field;2.70568
1;0x2d;0x10115;Termina Field - Peahat Grotto;0x1410;Termina Field -> Swamp Gossip Grotto;15.3752
1;0x7e;0x1410;Swamp Gossip Grotto - Termina Field;0x10112;Swamp Gossip Grotto -> Termina Field;2.74877
1;0x2d;0x10112;Termina Field - Swamp Gossip Grotto;0x1000d;Termina Field -> Cow Grotto;25.3721
1;0x84;0x1000d;Cow Grotto - Termina Field;0x1010d;Cow Grotto -> Termina Field;3.29897
1;0x2d;0x1010d;Termina Field - Cow Grotto;0x7a00;Termina Field -> Road to Southern Swamp;20.288
1;0x40;0x7a00;Road to Southern Swamp - Termina Field;0x5410;Road to Southern Swamp -> Termina Field;4.57278
1;0x2d;0x5410;Termina Field - Road to Southern Swamp;0x10001;Termina Field -> Tall Grass Grotto;17.898
1;0x83;0x10001;Tall Grass Grotto - Termina Field;0x10101;Tall Grass Grotto -> Termina Field;5.1223
1;0x2d;0x10101;Termina Field - Tall Grass Grotto;0x1490;Termina Field -> Scrub Grotto;30.3797
1;0x82;0x1490;Scrub Grotto - Termina Field;0x10114;Scrub Grotto -> Termina Field;2.68754
1;0x2d;0x10114;Termina Field - Scrub Grotto;0x4c10;Termina Field -> Astral Observatory;13.502
1;0x29;0x4c10;Astral Observatory - Termina Field;0x5490;Astral Observatory -> Termina Field;3.7417
1;0x2d;0x5490;Termina Field - Astral Observatory;0x1420;Termina Field -> Canyon Gossip Grotto;19.9698
1;0x7d;0x1420;Canyon Gossip Grotto - Termina Field;0x10110;Canyon Gossip Grotto -> Termina Field;3.74579
1;0x2d;0x10110;Termina Field - Canyon Gossip Grotto;0xa000;Terminal Field -> Road to Ikana;14.5994
1;0x53;0xa000;Road to Ikana - Terminal Field;0x1000a;Road to Ikana -> Red Boulder Grotto;22.3504
1;0x8b;0x1000a;Red Boulder Grotto - Road to Ikana;0x1010a;Red Boulder Grotto -> Road to Ikana;2.64767
1;0x53;0x1010a;Road to Ikana - Red Boulder Grotto;0x8000;Road to Ikana -> Ikana Graveyard;51.2497
1;0x43;0x8000;Ikana Graveyard - Road to Ikana;0xa10;Ikana Graveyard -> Ikana Grave 1;35.4418
1;0xc;0xa10;Ikana Grave 1 - Ikana Graveyard;0x8030;Ikana Grave 1 -> Ikana Graveyard;7.4399
1;0x43;0x8030;Ikana Graveyard - Ikana Grave 1;0x1000b;Ikana Graveyard -> Bomb Grotto;24.7683
1;0x89;0x1000b;Bomb Grotto - Ikana Graveyard;0x1010b;Bomb Grotto -> Ikana Graveyard;3.39231
1;0x43;0x1010b;Ikana Graveyard - Bomb Grotto;0xa020;Ikana Graveyard -> Road to Ikana;21.4806
1;0x53;0xa020;Road to Ikana - Ikana Graveyard;0x5440;Road to Ikana -> Termina Field;39.061
1;0x2d;0x5440;Termina Field - Road to Ikana;0x10000;Termina Field -> Pillar Grotto;24.035
1;0x85;0x10000;Pillar Grotto - Termina Field;0x10100;Pillar Grotto -> Termina Field;24.058
1;0x2d;0x10100;Termina Field - Pillar Grotto;0x1430;Termina Field -> Mountain Gossip Grotto;29.9651
1;0x7f;0x1430;Mountain Gossip Grotto - Termina Field;0x1010f;Mountain Gossip Grotto -> Termina Field;2.65304
1;0x2d;0x1010f;Termina Field - Mountain Gossip Grotto;0x1470;Termina Field -> Dodongo Grotto;20.6858
1;0x7b;0x1470;Dodongo Grotto - Termina Field;0x10113;Dodongo Grotto -> Termina Field;4.39817
1;0x2d;0x10113;Termina Field - Dodongo Grotto;0x1400;Termina Field -> Ocean Gossip Grotto;23.7991
1;0x7c;0x1400;Ocean Gossip Grotto - Termina Field;0x10111;Ocean Gossip Grotto -> Termina Field;10.9517
1;0x2d;0x10111;Termina Field - Ocean Gossip Grotto;0x3200;Termina Field -> Path to Mountain Village;41.5396
1;0x1c;0x3200;Path to Mountain Village - Termina Field;0x5430;Path to Mountain Village -> Termina Field;4.90249
1;0x2d;0x5430;Termina Field - Path to Mountain Village;0x3200;Termina Field -> Path to Mountain Village;4.98286
1;0x1c;0x3200;Path to Mountain Village - Termina Field;0x9a60;Path to Mountain Village -> Mountain Village;38.8545
1;0x96;0x9a60;Mountain Village - Path to Mountain Village;0x3210;Mountain Village -> Path to Mountain Village;4.99859
1;0x1c;0x3210;Path to Mountain Village - Mountain Village;0x9a60;Path to Mountain Village -> Mountain Village;3.88626
1;0x96;0x9a60;Mountain Village - Path to Mountain Village;0x5200;Mountain Village -> Blacksmith;11.103
1;0x2c;0x5200;Blacksmith - Mountain Village;0x9a10;Blacksmith -> Mountain Village;3.94789
1;0x96;0x9a10;Mountain Village - Blacksmith;0xb000;Mountain Village -> Path to Snowhead;18.1488
1;0x5b;0xb000;Path to Snowhead - Mountain Village;0x9a40;Path to Snowhead -> Mountain Village;4.12247
1;0x96;0x9a40;Mountain Village - Path to Snowhead;0x9600;Mountain Village -> Goron Graveyard;54.897
1;0x4e;0x9600;Goron Graveyard - Mountain Village;0x9a30;Goron Graveyard -> Mountain Village;25.6505
1;0x96;0x9a30;Mountain Village - Goron Graveyard;0x9a00;Open Grotto -> Mountain Village Winter;4.98e-05
1;0x4e;0x9600;Goron Graveyard - Mountain Village;0x9a30;Goron Graveyard -> Mountain Village;9.8469
1;0x96;0x9a30;Mountain Village - Goron Graveyard;0x9600;Mountain Village -> Goron Graveyard;36.9069
1;0x4e;0x9600;Goron Graveyard - Mountain Village;0x9a30;Goron Graveyard -> Mountain Village;7.31046
1;0x96;0x9a30;Mountain Village - Goron Graveyard;0xb400;Mountain Village -> Twin Islands;32.8139
1;0x97;0xb400;Twin Islands - Mountain Village;0x9a20;Twin Islands -> Mountain Village;6.05596
1;0x96;0x9a20;Mountain Village - Twin Islands;0xb400;Mountain Village -> Twin Islands;9.45973
1;0x97;0xb400;Twin Islands - Mountain Village;0x10006;Twin Islands -> Ramp Grotto;17.816
1;0x8d;0x10006;Ramp Grotto - Twin Islands;0x10106;Ramp Grotto -> Twin Islands;2.59431
1;0x97;0x10106;Twin Islands - Ramp Grotto;0xd000;Twin Islands -> Goron Racetrack;43.3661
1;0x6b;0xd000;Goron Racetrack - Twin Islands;0xb420;Goron Racetrack -> Twin Islands;4.51912
1;0x97;0xb420;Twin Islands - Goron Racetrack;0x1450;Twin Islands -> Hot Water Grotto;25.0076
1;0x8c;0x1450;Hot Water Grotto - Twin Islands;0x10117;Hot Water Grotto -> Twin Islands;3.06065
1;0x97;0x10117;Twin Islands - Hot Water Grotto;0x9400;Twin Islands -> Goron Village;11.6622
1;0x98;0x9400;Goron Village - Twin Islands;0xb410;Goron Village -> Twin Islands;5.10421
1;0x98;0x9400;Goron Village - Twin Islands;0xb410;Goron Village -> Twin Islands;4.62392
1;0x97;0xb410;Twin Islands - Goron Village;0x9400;Twin Islands -> Goron Village;8.28468
1;0x98;0x9400;Goron Village - Twin Islands;0x5e00;Goron City -> Goron Shrine;23.2476
1;0x32;0x5e00;Goron Shrine - Goron City;0x9420;Goron Shrine -> Goron City;5.99417
1;0x98;0x9420;Goron City - Goron Shrine;0x5e00;Goron City -> Goron Shrine;9.45879
1;0x32;0x5e00;Goron Shrine - Goron City;0x7400;Goron Shrine -> Goron Shop;11.7643
1;0x3d;0x7400;Goron Shop - Goron Shrine;0x5e10;Goron Shop -> Goron Shrine;3.69308
1;0x32;0x5e10;Goron Shrine - Goron Shop;0x9420;Goron Shrine -> Goron City;23.0289
1;0x98;0x9420;Goron City - Goron Shrine;0x1500;Goron City -> Lone Peak Shrine;45.8292
1;0x72;0x1500;Lone Peak Shrine - Goron City;0x9430;Lone Peak Shrine -> Goron City;250.089
1;0x72;0x1500;Lone Peak Shrine - Goron City;0x9430;Lone Peak Shrine -> Goron City;17.5475
1;0x98;0x9430;Goron City - Lone Peak Shrine;0x1500;Goron City -> Lone Peak Shrine;45.8344
1;0x96;0x9a80;Mountain Village - Owl Statue - Warp Owl;0xb000;Mountain Village -> Path to Snowhead;16.0086
1;0x5b;0xb000;Path to Snowhead - Mountain Village;0x10007;Path To Snowhead -> Tree Grotto;57.772
1;0x8e;0x10007;Tree Grotto - Path To Snowhead;0x10107;Tree Grotto -> Path To Snowhead;3.30448
1;0x5b;0x10107;Path To Snowhead - Tree Grotto;0xb200;Path to Snowhead -> Snowhead;16.4742
1;0x5c;0xb200;Snowhead - Path to Snowhead;0xb010;Snowhead -> Path to Snowhead;3.58486
1;0x5b;0xb010;Path to Snowhead - Snowhead;0xb200;Path to Snowhead -> Snowhead;4.23154
1;0x5c;0xb200;Snowhead - Path to Snowhead;0x3c00;Snowhead -> Snowhead Temple;96.0735
1;0x21;0x3c00;Snowhead Temple - Snowhead;0x8200;Snowhead Temple -> Goht's Lair - Snowhead Temple;4.85387
1;0x5c;0xb230;Snowhead - Owl Statue - Warp Owl;0x3c00;Snowhead -> Snowhead Temple;37.2556
1;0x21;0x3c00;Snowhead Temple - Snowhead;0x8200;Snowhead Temple -> Goht's Lair - Snowhead Temple;46.502
1;0x5c;0xb210;Snowhead - Snowhead Temple;0x4620;Snowhead -> Snowhead Fairy Fountain;12.4882
1;0x1;0x4620;Snowhead Fairy Fountain - Snowhead;0xb220;Snowhead Fairy Fountain -> Snowhead;3.77234
1;0x96;0xae70;Mountain Village - Warp Goht - Warp Goht;0x5200;Mountain Village -> Blacksmith;13.7201
1;0x2c;0x5200;Blacksmith - Mountain Village;0x9a10;Blacksmith -> Mountain Village;3.48401
1;0x96;0x9a10;Mountain Village - Blacksmith;0xb400;Mountain Village -> Twin Islands;13.142
1;0x97;0xb400;Twin Islands - Mountain Village;0x8a00;Twin Islands -> Goron Village;25.2172
1;0x98;0x9400;Goron Village - Twin Islands;0x1500;Goron City -> Lone Peak Shrine;26.1705
1;0x72;0x1500;Lone Peak Shrine - Goron City;0x9430;Lone Peak Shrine -> Goron City;3.67855
1;0x8f;0x10005;Tunnel Open Grotto - Moutain Village Spring;0x10105;Tunnel Open Grotto -> Moutain Village Spring;2.82038
1;0x96;0xae00;Mountain Village - Open Grotto;0x10005;Moutain Village Spring -> Tunnel Open Grotto;217.332
1;0x8f;0x10005;Tunnel Open Grotto - Moutain Village Spring;0x10105;Tunnel Open Grotto -> Moutain Village Spring;172.054
1;0x96;0xae00;Mountain Village - Open Grotto;0x10005;Moutain Village Spring -> Tunnel Open Grotto;3.72e-05
1;0x8f;0x10005;Tunnel Open Grotto - Moutain Village Spring;0x10105;Tunnel Open Grotto -> Moutain Village Spring;3.66628
1;0x8f;0x10005;Tunnel Open Grotto - Moutain Village Spring;0x10105;Tunnel Open Grotto -> Moutain Village Spring;7.2237
1;0x96;0x10105;Moutain Village Spring - Tunnel Open Grotto;0x2040;Warp Owl -> Ikana Canyon - Owl Statue;66.3129
1;0x13;0x2040;Ikana Canyon - Owl Statue - Warp Owl;0xa010;Ikana Canyon -> Road to Ikana;21.7796
1;0x53;0xa010;Road to Ikana - Ikana Canyon;0x8000;Road to Ikana -> Ikana Graveyard;27.62
1;0x43;0x8000;Ikana Graveyard - Road to Ikana;0xa00;Ikana Graveyard -> Ikana Grave 2;40.652
1;0xc;0xa00;Ikana Grave 2 - Ikana Graveyard;0x8020;Ikana Grave 2 -> Ikana Graveyard;3.01635
1;0x43;0x8020;Ikana Graveyard - Ikana Grave 2;0xa020;Ikana Graveyard -> Road to Ikana;183.921
1;0x53;0xa020;Road to Ikana - Ikana Graveyard;0x2000;Road to Ikana -> Ikana Canyon;33.3137
1;0x13;0x2000;Ikana Canyon - Road to Ikana;0x1000c;Ikana Canyon -> Open Grotto;45.5911
1;0x8a;0x1000c;Open Grotto - Ikana Canyon;0x1010c;Open Grotto -> Ikana Canyon;2.85551
1;0x13;0x1010c;Ikana Canyon - Open Grotto;0xba00;Ikana Canyon -> Shrine;8.7799
1;0x60;0xba00;Shrine - Ikana Canyon;0x20c0;Secret Shrine -> Ikana Canyon;4.3956
1;0x1d;0x3410;Ikana Castle Exterior - Ikana Canyon;0x2080;Ikana Castle Exterior -> Ikana Canyon;4.22e-05
1;0x13;0x2080;Ikana Canyon - Ikana Castle Exterior;0x3410;Ikana Canyon -> Ikana Castle Exterior;9.4719
1;0x1d;0x3410;Ikana Castle Exterior - Ikana Canyon;0x2080;Ikana Castle Exterior -> Ikana Canyon;3.1406
1;0x13;0x2080;Ikana Canyon - Ikana Castle Exterior;0x9c00;Ikana Canyon -> Ghost Hut;42.2001
1;0x51;0x9c00;Ghost Hut - Ikana Canyon;0x2010;Ghost Hut -> Ikana Canyon;3.96111
1;0x13;0x2010;Ikana Canyon - Ghost Hut;0x9000;Ikana Canyon -> Beneath the Well;21.422
1;0x4b;0x9000;Beneath the Well - Ikana Canyon;0x2050;Beneath the Well -> Ikana Canyon;4.29706
1;0x96;0x9a80;Mountain Village - Owl Statue - Warp Owl;0xb000;Mountain Village -> Path to Snowhead;20.8905
1;0x5b;0xb000;Path to Snowhead - Mountain Village;0xae40;Path to Snowhead -> Mountain Village;2.43559
1;0x96;0x9a80;Mountain Village - Owl Statue - Warp Owl;0x5200;Mountain Village -> Blacksmith;7.55526
1;0x2c;0x5200;Blacksmith - Mountain Village;0x9a10;Blacksmith -> Mountain Village;2.3872
1;0x96;0x10105;Moutain Village Spring - Tunnel Open Grotto;0xd890;Warp Owl -> South Clock Town - Owl Statue;26.4783
1;0x6f;0xd890;South Clock Town - Owl Statue - Warp Owl;0xd230;South East Clock Town Top -> East Clock Town;13.7499
1;0x6c;0xd230;East Clock Town - South East Clock Town Top;0x2400;East Clock Town -> Milk Bar;18.4941
1;0x15;0x2400;Milk Bar - East Clock Town;0xd2b0;Milk Bar -> East Clock Town;4.60913
1;0x6c;0xd2b0;East Clock Town - Milk Bar;0x3e40;Warp Owl -> Milk Road - Owl Statue;38.8616
1;0x22;0x3e40;Milk Road - Owl Statue - Warp Owl;0xce00;Milk Road -> Gorman Track;5.04321
1;0x6a;0xce00;Gorman Track - Milk Road;0x3e30;Gorman Track -> Milk Road;6.05125
1;0x22;0x3e30;Milk Road - Gorman Track;0xce30;Milk Road -> Gorman Track Back;8.33331
1;0x6a;0xce30;Gorman Track Back - Milk Road;0x3e20;Gorman Track -> Milk Road Back;3.83429
1;0x22;0x3e20;Milk Road Back - Gorman Track;0x6400;Milk Road -> Romani's Ranch;137.196
1;0x35;0x6400;Romani's Ranch - Milk Road;0x3e10;Romani's Ranch -> Milk Road;4.54248
1;0x22;0x3e10;Milk Road - Romani's Ranch;0x6400;Milk Road -> Romani's Ranch;4.01233
1;0x35;0x6400;Romani's Ranch - Milk Road;0x600;Romani's Ranch -> Stables;20.9076
1;0x10;0x600;Stables - Romani's Ranch;0x6420;Stables -> Romani's Ranch;29.1868
1;0x35;0x6420;Romani's Ranch - Stables;0x610;Romani's Ranch -> Ranch House;51.5282
1;0x78;0x610;Ranch House - Romani's Ranch;0x6430;Ranch House -> Romani's Ranch;103.895
1;0x35;0x6430;Romani's Ranch - Ranch House;0x7e00;Romani's Ranch -> Cucco Shack;24.682
1;0x42;0x7e00;Cucco Shack - Romani's Ranch;0x6440;Cucco Shack -> Romani's Ranch;3.07868
1;0x35;0x6440;Romani's Ranch - Cucco Shack;0x7c00;Romani's Ranch -> Doggy Racetrack;10.0204
1;0x41;0x7c00;Doggy Racetrack - Romani's Ranch;0x6450;Doggy Racetrack -> Romani's Ranch;3.80358
1;0x35;0x6450;Romani's Ranch - Doggy Racetrack;0x2040;Warp Owl -> Ikana Canyon - Owl Statue;17.1684
1;0x13;0x2040;Ikana Canyon - Owl Statue - Warp Owl;0x20e0;Ikana Canyon -> Spring Water Cave;27.4812
1;0x13;0x20d0;Ikana Canyon - Spring Water Cave;0x20e0;Ikana Canyon -> Spring Water Cave;50.1295
1;0x99;0x20e0;Spring Water Cave - Ikana Canyon;0x20d0;Spring Water Cave -> Ikana Canyon;26.1298
1;0x13;0x20d0;Ikana Canyon - Spring Water Cave;0x4640;Ikana Canyon -> Ikana Fairy Fountain;55.1695
1;0x5;0x4640;Ikana Fairy Fountain - Ikana Canyon;0x20b0;Ikana Fairy Fountain -> Ikana Canyon;3.28031
1;0x13;0x20b0;Ikana Canyon - Ikana Fairy Fountain;0xa400;Ikana Canyon -> Music Box House;145.086
1;0x55;0xa400;Music Box House - Ikana Canyon;0x2020;Music Box House -> Ikana Canyon;5.85892
1;0x13;0x2020;Ikana Canyon - Music Box House;0xba00;Ikana Canyon -> Shrine;35.07
1;0x60;0xba00;Shrine - Ikana Canyon;0x20c0;Secret Shrine -> Ikana Canyon;5.07496
1;0x13;0x20c0;Ikana Canyon - Secret Shrine;0x4640;Ikana Canyon -> Ikana Fairy Fountain;106.117
1;0x5;0x4640;Ikana Fairy Fountain - Ikana Canyon;0x20b0;Ikana Fairy Fountain -> Ikana Canyon;3.9362
0;0x56;0x600;Sacred Forest Meadow - Warp Song - Minuet of Forest;0x1a9;Sacred Forest Meadow -> Lost Woods;37.21
0;0x5b;0x1a9;Lost Woods - Sacred Forest Meadow;0x1dd;Lost Woods -> Zora River;22.2908
1;0x13;0x2040;Ikana Canyon - Owl Statue - Warp Owl;0x3410;Ikana Canyon -> Ikana Castle Exterior;15.9005
1;0x1d;0x3410;Ikana Castle Exterior - Ikana Canyon;0x3430;Ikana Castle Exterior -> Inside Ikana Castle;10.5072
1;0x31;0x3430;Inside Ikana Castle - Ikana Castle Exterior;0x3420;Inside Ikana Castle -> Ikana Castle Exterior;16.1203
1;0x1d;0x3420;Ikana Castle Exterior - Inside Ikana Castle;0x3440;Powder Keg -> Inside Ikana Castle - Powder Keg;38.3516
1;0x31;0x3440;Inside Ikana Castle - Powder Keg - Powder Keg;0xa600;Inside Ikana Castle -> Igos' Lair;38.1911
1;0x56;0xa600;Igos' Lair - Inside Ikana Castle;0x3460;Igos' Lair -> Inside Ikana Castle;3.64296
1;0x31;0x3460;Inside Ikana Castle - Igos' Lair;0x3420;Inside Ikana Castle -> Ikana Castle Exterior;26.8272
1;0x1d;0x3420;Ikana Castle Exterior - Inside Ikana Castle;0x3450;Block -> Inside Ikana Castle - Block;30.8576
1;0x31;0x3450;Inside Ikana Castle - Block - Block;0x3420;Inside Ikana Castle -> Ikana Castle Exterior;13.5592
1;0x1d;0x3420;Ikana Castle Exterior - Inside Ikana Castle;0x9010;Ikana Castle Exterior -> Beneath the Well Back;19.8505
1;0x4b;0x9010;Beneath the Well Back - Ikana Castle Exterior;0x3400;Beneath the Well Back -> Ikana Castle Exterior;4.2309
1;0x1d;0x3400;Ikana Castle Exterior - Beneath the Well Back;0xaa30;Warp Owl -> Stone Tower - Owl Statue;22.8481
1;0x58;0xaa30;Stone Tower - Owl Statue - Warp Owl;0x2600;Stone Tower -> Stone Tower Temple;24.0403
1;0x16;0x2600;Stone Tower Temple - Stone Tower;0xaa20;Stone Tower Temple -> Stone Tower;7.35558
1;0x58;0xaa20;Stone Tower - Stone Tower Temple;0xac00;Stone Tower -> Stone Tower Inverted;47.8741
1;0x59;0xac00;Stone Tower Inverted - Stone Tower;0xaa10;Stone Tower Inverted -> Stone Tower;14.5137
1;0x18;0x2a00;Stone Tower Temple Inverted - Stone Tower Inverted;0xac10;Stone Tower Temple Inverted -> Stone Tower Inverted;4.72205
1;0x59;0xac10;Stone Tower Inverted - Stone Tower Temple Inverted;0x2a00;Stone Tower Inverted -> Stone Tower Temple Inverted;2.84565
1;0x36;0x2a10;Twinmold's Lair - Stone Tower Temple Inverted - Stone Tower Temple Inverted;0x66000;Boss Arena -> Twinmold's Lair -> Boss Arena;4.79594
1;0x36;0x6600;Boss Arena - Twinmold's Lair - Twinmold's Lair;0x20700;Warp Boss -> Twinmold's Lair -> Warp Boss;367.08
1;0x13;0x2070;Ikana Canyon - Warp Twinmold - Warp Twinmold;0xaa00;Ikana Canyon -> Stone Tower;102.76
1;0x58;0xaa00;Stone Tower - Ikana Canyon;0xac00;Stone Tower -> Stone Tower Inverted;7.58404
1;0x59;0xac00;Stone Tower Inverted - Stone Tower;0xaa10;Stone Tower Inverted -> Stone Tower;38.114
1;0x58;0xaa10;Stone Tower - Stone Tower Inverted;0x2030;Stone Tower -> Ikana Canyon;12.551
1;0x13;0x2030;Ikana Canyon - Stone Tower;0x9800;Ikana Canyon -> Sakon Hideout;61.0604
1;0x4f;0x9800;Sakon Hideout - Ikana Canyon;0x2060;Sakon Hideout -> Ikana Canyon;3.99054
1;0x13;0x2060;Ikana Canyon - Sakon Hideout;0x8490;Waterfalls -> Southern Swamp - Waterfalls;6.88592
1;0x45;0x8490;Southern Swamp - Waterfalls - Waterfalls;0xc200;Southern Swamp -> Woods of Mystery;16.0694
1;0x64;0xc200;Woods of Mystery - Southern Swamp;0x8470;Mystery Woods -> Southern Swamp;3.21247
1;0x45;0x8470;Southern Swamp - Mystery Woods;0x2040;Warp Owl -> Ikana Canyon - Owl Statue;16.5859
1;0x13;0x2040;Ikana Canyon - Owl Statue - Warp Owl;0xa010;Ikana Canyon -> Road to Ikana;17.6335
1;0x53;0xa010;Road to Ikana - Ikana Canyon;0x8000;Road to Ikana -> Ikana Graveyard;37.5113
1;0x43;0x8000;Ikana Graveyard - Road to Ikana;0x8010;Ikana Grave 3 -> Ikana Graveyard -> Ikana Grave 3;37.6389
1;0x30;0x5a00;Dampe's House - Ikana Grave 3 - Ikana Grave 3;0x80400;Ikana Graveyard -> Dampe's House -> Ikana Graveyard;35.1939
1;0x43;0x8040;Ikana Graveyard - Dampe's House - Dampe's House;0xa020;Ikana Graveyard -> Road to Ikana;57.374
1;0x53;0xa020;Road to Ikana - Ikana Graveyard;0x3e40;Warp Owl -> Milk Road - Owl Statue;25.0515
1;0x22;0x3e40;Milk Road - Owl Statue - Warp Owl;0x5450;Milk Road -> Termina Field;12.6518
1;0x2d;0x5450;Termina Field - Milk Road;0x3e00;Termina Field -> Milk Road;8.73326
1;0x22;0x3e00;Milk Road - Termina Field;0x5450;Milk Road -> Termina Field;3.98836
1;0x2d;0x5450;Termina Field - Milk Road;0x7a00;Termina Field -> Road to Southern Swamp;36.1471
1;0x40;0x7a00;Road to Southern Swamp - Termina Field;0x10002;Road to Southern Swamp -> Open Grotto;20.347
1;0x90;0x10002;Open Grotto - Road to Southern Swamp;0x10102;Open Grotto -> Road to Southern Swamp;3.94237
1;0x40;0x10102;Road to Southern Swamp - Open Grotto;0x4200;Road to Southern Swamp -> Swamp Archery;26.7438
1;0x24;0x4200;Swamp Archery - Road to Southern Swamp;0x7a20;Swamp Archery -> Road to Southern Swamp;4.012
1;0x40;0x7a20;Road to Southern Swamp - Swamp Archery;0x8400;Road to Southern Swamp -> Southern Swamp;28.4139
1;0x45;0x8400;Southern Swamp - Road to Southern Swamp;0x7a10;Southern Swamp -> Road to Southern Swamp;7.20591
1;0x40;0x7a10;Road to Southern Swamp - Southern Swamp;0x8400;Road to Southern Swamp -> Southern Swamp;3.84381
1;0x45;0x8400;Southern Swamp - Road to Southern Swamp;0xa800;Southern Swamp -> Tourist Information;14.3498
1;0x57;0xa800;Tourist Information - Southern Swamp;0x8410;Tourist Information -> Southern Swamp;3.25385
1;0x45;0x8410;Southern Swamp - Tourist Information;0x400;Southern Swamp -> Potion Shop;38.9933
1;0xa;0x400;Potion Shop - Southern Swamp;0x8450;Potion Shop -> Southern Swamp;3.26582
1;0x45;0x8450;Southern Swamp - Potion Shop;0x5000;Southern Swamp -> Deku Palace;118.61
1;0x2b;0x5000;Deku Palace - Southern Swamp;0x8430;Deku Palace -> Southern Swamp;4.13447
1;0x45;0x8430;Southern Swamp - Deku Palace;0x5000;Southern Swamp -> Deku Palace;4.44315
1;0x2b;0x5000;Deku Palace - Southern Swamp;0x7600;Deku Palace -> Deku King's Chamber;16.2766
1;0x3e;0x7600;Deku King's Chamber - Deku Palace;0x5020;Deku King's Chamber -> Deku Palace;5.43309
1;0x2b;0x5020;Deku Palace - Deku King's Chamber;0x7600;Deku Palace -> Deku King's Chamber;4.5875
1;0x2b;0x5010;Deku Palace -> Caught - Caught;0x7600;Deku Palace -> Deku King's Chamber;120.839
1;0x2b;0x50100;Deku Palace - Bridge - Bridge;0x5010;Caught -> Deku Palace -> Caught;34.4788
1;0x2b;0x50100;Deku Palace - Bridge - Bridge;0x7610;Deku Palace - Jail -> Monkey Jail;30.8761
1;0x3e;0x7610;Monkey Jail - Deku Palace - Jail;0x5030;Monkey Jail -> Deku Palace;2.8754
1;0x2b;0x5030;Deku Palace - Monkey Jail;0x1480;Deku Palace - Right Climb -> JP Right Climb Grotto;18.1826
1;0x95;0x1480;JP Right Climb Grotto - Deku Palace - Right Climb;0x50a0;JP Right Climb Grotto -> Deku Palace;3.4582
1;0x2b;0x50a0;Deku Palace - JP Right Climb Grotto;0x9e00;Deku Palace -> Deku Shrine;57.143
1;0x52;0x9e00;Deku Shrine - Deku Palace;0x5040;Deku Shrine -> Deku Palace;5.91609
1;0x2b;0x5040;Deku Palace - Deku Shrine;0x8440;Ledge -> Southern Swamp;25.5484
1;0x45;0x8440;Southern Swamp - Ledge;0x5050;Ledge -> Deku Palace;4.38631
1;0x2b;0x5050;Deku Palace - Ledge;0x8440;Ledge -> Southern Swamp;2.80115
1;0x45;0x8440;Southern Swamp - Ledge;0x10004;Southern Swamp -> Open Grotto;10.5703
1;0x91;0x10004;Open Grotto - Southern Swamp;0x10104;Open Grotto -> Southern Swamp;3.26741
1;0x45;0x10104;Southern Swamp - Open Grotto;0x4800;Southern Swamp -> Swamp Spider House;19.5921
1;0x27;0x4800;Swamp Spider House - Southern Swamp;0x8480;Swamp Spider House -> Southern Swamp;3.9996
1;0x45;0x8480;Southern Swamp - Swamp Spider House;0x8600;Southern Swamp -> Woodfall;17.4125
1;0x46;0x8600;Woodfall - Southern Swamp;0x8420;Woodfall -> Southern Swamp;3.26834
1;0x45;0x8420;Southern Swamp - Woodfall;0x8600;Southern Swamp -> Woodfall;1178.09
1;0x46;0x8600;Woodfall - Southern Swamp;0x4610;Woodfall -> Woodfall Fairy Fountain;50.9741
1;0x3;0x4610;Woodfall Fairy Fountain - Woodfall;0x8620;Woodfall Fairy Fountain -> Woodfall;4.04643
0;0x53;0x568;Graveyard - Warp Song - Nocturne of Shadow;0x195;Graveyard -> Kakariko;182.486
1;0x45;0x84a0;Southern Swamp - Owl Statue - Warp Owl;0xc200;Southern Swamp -> Woods of Mystery;45.284
1;0x64;0xc200;Woods of Mystery - Southern Swamp;0x8470;Mystery Woods -> Southern Swamp;85.7875
1;0x45;0x8470;Southern Swamp - Mystery Woods;0xa800;Southern Swamp -> Tourist Information;51.3096
1;0x57;0xa800;Tourist Information - Southern Swamp;0x8460;Koume's Ride -> Southern Swamp;13.7646
0;0x53;0x568;Graveyard - Warp Song - Nocturne of Shadow;0x195;Graveyard -> Kakariko;35.459
1;0x45;0x84a0;Southern Swamp - Owl Statue - Warp Owl;0xc200;Southern Swamp -> Woods of Mystery;49.5679
1;0x64;0xc200;Woods of Mystery - Southern Swamp;0x8470;Mystery Woods -> Southern Swamp;71.718
1;0x45;0x8470;Southern Swamp - Mystery Woods;0x84a0;Warp Owl -> Southern Swamp - Owl Statue;21.275
1;0x45;0x84a0;Southern Swamp - Owl Statue - Warp Owl;0xa800;Southern Swamp -> Tourist Information;15.0136
1;0x57;0xa800;Tourist Information - Southern Swamp;0x8460;Koume's Ride -> Southern Swamp;12.6024
1;0x45;0x8460;Southern Swamp - Koume's Ride;0xa810;Koume's Ride -> Tourist Information;64.6218
1;0x57;0xa810;Tourist Information - Koume's Ride;0x8640;Warp Owl -> Woodfall - Owl Statue;28.4591
1;0x46;0x8640;Woodfall - Owl Statue - Warp Owl;0x3000;Woodfall -> Woodfall Temple;55.722
1;0x1b;0x3000;Woodfall Temple - Woodfall;0x8610;Woodfall Temple -> Woodfall;4.7882
1;0x46;0x8610;Woodfall - Woodfall Temple;0x3000;Woodfall -> Woodfall Temple;3.53933
1;0x1b;0x3000;Woodfall Temple - Woodfall;0x3800;Woodfall Temple -> Oldolwa's Lair - Woodfall Temple;75.9053
1;0x1f;0x3800;Oldolwa's Lair - Woodfall Temple - Woodfall Temple;0x30100;Warp Boss -> Odolwa's Lair -> Warp Boss;111.313
1;0x1b;0x3010;Woodfall Temple - Warp Odolwa - Warp Odolwa;0x8630;Deku Princess -> Woodfall;21.1994
1;0x46;0x8630;Woodfall - Deku Princess;0x3020;Deku Princess -> Woodfall;2.95857
1;0x1b;0x3020;Woodfall - Deku Princess;0x8630;Deku Princess -> Woodfall;4.29723
1;0x46;0x8630;Woodfall - Deku Princess;0x84a0;Warp Owl -> Southern Swamp - Owl Statue;15.056
1;0x92;0x10003;Open Grotto - Woods of Mystery;0x10103;Open Grotto -> Woods of Mystery;3.81335
1;0x64;0x10103;Woods of Mystery - Open Grotto;0x8470;Mystery Woods -> Southern Swamp;47.4113
1;0x93;0x14c0;Bean Grotto - Deku Palace;0x5090;Bean Grotto -> Deku Palace;3.6053
1;0x2b;0x5090;Deku Palace - Bean Grotto;0x1460;Deku Palace - End Line -> JP End Line Grotto;6.10301
1;0x94;0x1460;JP End Line Grotto - Deku Palace - End Line;0x5080;JP End Line Grotto -> Deku Palace;6.73422
1;0x2b;0x5080;Deku Palace - JP End Line Grotto;0x1460;Deku Palace - End Line -> JP End Line Grotto;4.10553
1;0x94;0x1460;JP End Line Grotto - Deku Palace - End Line;0x5070;JP Start Line Grotto -> Deku Palace;8.6659
1;0x2b;0x5070;Deku Palace - JP Start Line Grotto;0x14e0;Deku Palace - Start Line -> JP Start Line Grotto;4.32477
1;0x94;0x14e0;JP Start Line Grotto - Deku Palace - Start Line;0x5070;JP Start Line Grotto -> Deku Palace;3.52316
1;0x2b;0x5070;Deku Palace - JP Start Line Grotto;0x14f0;Deku Palace - Left Climb -> JP Left Climb Grotto;10.9641
1;0x95;0x14f0;JP Left Climb Grotto - Deku Palace - Left Climb;0x5060;JP Left Climb Grotto -> Deku Palace;3.93846
1;0x2b;0x5060;Deku Palace - JP Left Climb Grotto;0xd890;Warp Owl -> South Clock Town - Owl Statue;34.7031
1;0x6f;0xd890;South Clock Town - Owl Statue - Warp Owl;0xda00;South Clock Town -> Laundry Pool;27.334
1;0x70;0xda00;Laundry Pool - South Clock Town;0xe10;Laundry Pool -> Kafei Hideout;18.3547
1;0xd;0xe10;Kafei Hideout - Laundry Pool;0xda10;Kafei Hideout -> Laundry Pool;5.92816
1;0x70;0xda10;Laundry Pool - Kafei Hideout;0x68b0;Warp Owl -> Great Bay Coast - Owl Statue;38.9521
1;0x37;0x68b0;Great Bay Coast - Owl Statue - Warp Owl;0x5800;Great Bay Coast -> Laboratory;16.7293
1;0x2f;0x5800;Laboratory - Great Bay Coast;0x6870;Laboratory -> Great Bay Coast;3.68133
1;0x37;0x6870;Great Bay Coast - Laboratory;0x6820;Beach -> Great Bay Coast - Beach;10.5393
1;0x37;0x6820;Great Bay Coast - Beach - Beach;0x4a00;Great Bay Coast -> Ocean Spider House;37.8636
1;0x28;0x4a00;Ocean Spider House - Great Bay Coast;0x6880;Ocean Spider House -> Great Bay Coast;3.76159
1;0x37;0x6880;Great Bay Coast - Ocean Spider House;0x7200;Great Bay Coast -> Fisher Hut;5.92737
1;0x3c;0x7200;Fisher Hut - Great Bay Coast;0x6840;Fisherman Hut -> Great Bay Coast;5.2655
1;0x37;0x6840;Great Bay Coast - Fisherman Hut;0x10008;Great Bay Coast -> Open Grotto;9.94548
1;0x86;0x10008;Open Grotto - Great Bay Coast;0x10108;Open Grotto -> Great Bay Coast;3.11438
1;0x37;0x10108;Great Bay Coast - Open Grotto;0x6a00;Great Bay Coast -> Zora Cape;28.1327
1;0x38;0x6a00;Zora Cape - Great Bay Coast;0x6810;Zora Cape -> Great Bay Coast;5.92062
1;0x37;0x6810;Great Bay Coast - Zora Cape;0x4400;Great Bay Coast -> Pinnacle Rock;35.1532
1;0x25;0x4400;Pinnacle Rock - Great Bay Coast;0x4410;Void Entrance -> Pinnacle Rock - Void Entrance;10.0461
1;0x25;0x4410;Pinnacle Rock - Void Entrance - Void Entrance;0x6830;Pinnacle Rock -> Great Bay Coast;5.09471
1;0x37;0x6830;Great Bay Coast - Pinnacle Rock;0x6860;Ledge -> Great Bay Coast - Ledge;7.09852
1;0x37;0x6860;Great Bay Coast - Ledge - Ledge;0x1000e;Great Bay Coast -> Cow Grotto;12.7986
1;0x87;0x1000e;Cow Grotto - Great Bay Coast;0x1010e;Cow Grotto -> Great Bay Coast;6.72798
1;0x37;0x1010e;Great Bay Coast - Cow Grotto;0x7000;Great Bay Coast -> Pirate Fortress Entrance;46.6546
1;0x3b;0x7000;Pirate Fortress Entrance - Great Bay Coast;0x6850;Pirate Fortress Entrance -> Great Bay Coast;5.95858
1;0x37;0x6850;Great Bay Coast - Pirate Fortress Entrance;0x7000;Great Bay Coast -> Pirate Fortress Entrance;3.71218
1;0x3b;0x7000;Pirate Fortress Entrance - Great Bay Coast;0x68c0;Trapdoor -> Great Bay Coast - Trapdoor;13.2374
1;0x23;0x4090;Pirate Fortress Interior - Sewers' Gate;0x7020;Sewers' Gate -> Pirate Fortress Entrance;3.19351
1;0x3b;0x7020;Pirate Fortress Entrance - Sewers' Gate;0x4090;Sewers' Gate -> Pirate Fortress Interior;3.58463
1;0x23;0x4090;Pirate Fortress Interior - Sewers' Gate;0x7030;Sewers' Vent -> Pirate Fortress Entrance - Sewers' Vent;50.6845
1;0x3b;0x7060;Pirate Fortress Entrance - Sewers' Door;0x40a0;Sewers' Door -> Pirate Fortress Interior;3.28628
1;0x23;0x40a0;Pirate Fortress Interior - Sewers' Door;0x7060;Sewers' Door -> Pirate Fortress Entrance;4.09696
1;0x3b;0x7060;Pirate Fortress Entrance - Sewers' Door;0x22c0;Lookout -> Pirate Fortress Exterior;38.7583
1;0x14;0x22c0;Pirate Fortress Exterior - Lookout;0x7050;Lookout -> Pirate Fortress Entrance;4.21394
1;0x3b;0x7050;Pirate Fortress Entrance - Lookout;0x22c0;Lookout -> Pirate Fortress Exterior;3.37915
1;0x14;0x22c0;Pirate Fortress Exterior - Lookout;0x4040;Canon -> Pirate Fortress Interior;17.5951
1;0x14;0x2250;Pirate Fortress Exterior - Barrel;0x4050;Barrel Egg Side -> Pirate Fortress Interior;23.5442
1;0x23;0x4050;Pirate Fortress Interior - Barrel Egg Side;0x2260;Barrel Egg Side -> Pirate Fortress Exterior;3.51204
1;0x14;0x2260;Pirate Fortress Exterior - Barrel Egg Side;0x4010;Hookshot Lookout -> Pirate Fortress Interior;26.756
1;0x23;0x4010;Pirate Fortress Interior - Hookshot Lookout;0x2220;Hookshot Lookout -> Pirate Fortress Exterior;21.2893
1;0x14;0x2220;Pirate Fortress Exterior - Hookshot Lookout;0x4000;Hookshot -> Pirate Fortress Interior;8.02633
1;0x23;0x4000;Pirate Fortress Interior - Hookshot;0x2210;Hookshot -> Pirate Fortress Exterior;3.06281
1;0x14;0x2210;Pirate Fortress Exterior - Hookshot;0x4030;Treasure Egg Side -> Pirate Fortress Interior;12.7999
1;0x23;0x4030;Pirate Fortress Interior - Treasure Egg Side;0x2240;Treasure Egg Side -> Pirate Fortress Exterior;5.13565
1;0x14;0x2240;Pirate Fortress Exterior - Treasure Egg Side;0x4020;Treasure -> Pirate Fortress Interior;58.1233
1;0x23;0x4020;Pirate Fortress Interior - Treasure;0x2230;Treasure -> Pirate Fortress Exterior;2.92655
1;0x14;0x2230;Pirate Fortress Exterior - Treasure;0x4060;Canon -> Pirate Fortress Interior;16.1024
1;0x23;0x4060;Pirate Fortress Interior - Canon;0x2270;Canon -> Pirate Fortress Exterior;7.32986
1;0x23;0x4070;Pirate Fortress Interior - Barrel Egg Side;0x2280;Barrel Egg Side -> Pirate Fortress Exterior;3.40448
1;0x14;0x2280;Pirate Fortress Exterior - Barrel Egg Side;0x7040;Trapdoor -> Pirate Fortress Entrance - Trapdoor;77.7904
1;0x3b;0x7040;Pirate Fortress Entrance - Trapdoor - Trapdoor;0x2200;Entrance -> Pirate Fortress Exterior;23.1713
1;0x14;0x2200;Pirate Fortress Exterior - Entrance;0x7010;Exterior -> Pirate Fortress Entrance;3.56074
1;0x3b;0x7010;Pirate Fortress Entrance - Exterior;0x68c0;Trapdoor -> Great Bay Coast - Trapdoor;23.1988
1;0x37;0x68c0;Great Bay Coast - Trapdoor - Trapdoor;0x6a60;Warp Owl -> Zora Cape - Owl Statue;33.2377
1;0x38;0x6a60;Zora Cape - Owl Statue - Warp Owl;0x6010;Zora Cape Peninsula -> Zora's Theater Back;9.40936
1;0x33;0x6010;Zora's Theater Back - Zora Cape Peninsula;0x6a20;Zora's Theater Back -> Zora Cape Peninsula;4.375
1;0x38;0x6a20;Zora Cape Peninsula - Zora's Theater Back;0x8c00;Zora Cape -> Great Bay Temple;52.6035
1;0x49;0x8c00;Great Bay Temple - Zora Cape;0x6a70;Great Bay Temple -> Zora Cape;14.0401
1;0x38;0x6a70;Zora Cape - Great Bay Temple;0x8c00;Zora Cape -> Great Bay Temple;9.74347
1;0x49;0x8c00;Great Bay Temple - Zora Cape;0xb800;Great Bay Temple -> Gyorg's Lair - Great Bay Temple;452.905
1;0x5f;0xb800;Gyorg's Lair - Great Bay Temple - Great Bay Temple;0xb9000;Warp Boss -> Gyorg's Lair -> Warp Boss;216.823
1;0x38;0x6a70;Zora Cape - Great Bay Temple;0x6a30;Beach -> Zora Cape - Beach;12.064
1;0x38;0x6a30;Zora Cape - Beach - Beach;0x10009;Zora Cape -> Boulder Grotto;22.3241
1;0x88;0x10009;Boulder Grotto - Zora Cape;0x10109;Boulder Grotto -> Zora Cape;2.6078
1;0x38;0x10109;Zora Cape - Boulder Grotto;0x4630;Zora Cape -> Ocean Fairy Fountain;17.4644
1;0x2;0x4630;Ocean Fairy Fountain - Zora Cape;0x6a50;Ocean Fairy Fountain -> Zora Cape;3.17888
1;0x38;0x6a50;Zora Cape - Ocean Fairy Fountain;0x6000;Zora Cape Front -> Zora's Theater Front;24.4073
1;0x33;0x6000;Zora's Theater Front - Zora Cape Front;0x6a10;Zora's Theater Front -> Zora Cape Front;10.9389
1;0x38;0x6a10;Zora Cape Front - Zora's Theater Front;0x6000;Zora Cape Front -> Zora's Theater Front;5.60761
1;0x33;0x6000;Zora's Theater Front - Zora Cape Front;0x9250;Zora Hall -> Zora Shop;128.658
1;0x73;0x9250;Zora Shop - Zora Hall;0x6020;Zora Shop -> Zora Hall;119.695
1;0x33;0x6020;Zora Hall - Zora Shop;0x9200;Zora Hall -> Tijo's Room;17.6614
1;0x76;0x9200;Tijo's Room - Zora Hall;0x6060;Tijo's Room -> Zora Hall;3.18016
1;0x33;0x6060;Zora Hall - Tijo's Room;0x9210;Zora Hall -> Japas' Room;5.56814
1;0x75;0x9210;Japas' Room - Zora Hall;0x6050;Japas' Room -> Zora Hall;2.97083
1;0x33;0x6050;Zora Hall - Japas' Room;0x9230;Zora Hall -> Evans' Room;10.5498
1;0x74;0x9230;Evans' Room - Zora Hall;0x6040;Evans' Room -> Zora Hall;2.95744
1;0x33;0x6040;Zora Hall - Evans' Room;0x9220;Zora Hall -> Lulu's Room;5.41754
1;0x77;0x9220;Lulu's Room - Zora Hall;0x6030;Lulu's Room -> Zora Hall;5.85691
1;0x33;0x6030;Zora Hall - Lulu's Room;0x6a10;Zora's Theater Front -> Zora Cape Front;27.4901
1;0x38;0x6a10;Zora Cape Front - Zora's Theater Front;0x8e00;Zora Cape -> Waterfall Rapids;63.9418
1;0x4a;0x8e00;Waterfall Rapids - Zora Cape;0x6a40;Waterfall Rapids -> Zora Cape;5.69461
1;0x38;0x6a40;Zora Cape - Waterfall Rapids;0x8e00;Zora Cape -> Waterfall Rapids;6.0575
1;0x4a;0x8e00;Waterfall Rapids - Zora Cape;0x8e10;Race Begin -> Waterfall Rapids - Race Begin;49.3355
1;0x4a;0x8e10;Waterfall Rapids - Race Begin - Race Begin;0x8e20;Race End -> Waterfall Rapids - Race End;98.72
1;0x4a;0x8e20;Waterfall Rapids - Race End - Race End;0x6a40;Waterfall Rapids -> Zora Cape;17.2314
