Code_Name;Game;ID;Type;Scene;Friendly_Name;Image_Path;Active_Layout
MM_BOSS_TEMPLE_WOODFALL; mm; 0x3800; boss;MM_TEMPLE_WOODFALL;globa;;all
MM_BOSS_TEMPLE_SNOWHEAD; mm; 0x8200; boss;MM_TEMPLE_SNOWHEAD;globa;;all
MM_BOSS_TEMPLE_GREAT_BAY; mm; 0xb800; boss;MM_TEMPLE_GREAT_BAY;globa;;all
MM_BOSS_TEMPLE_STONE_TOWER; mm; 0x6600; boss;MM_TEMPLE_STONE_TOWER_INVERTED;globa;;all
MM_TEMPLE_WOODFALL; mm; 0x3000; dungeon;MM_TEMPLE_WOODFALL;globa;;all
MM_TEMPLE_SNOWHEAD; mm; 0x3c00; dungeon;MM_TEMPLE_SNOWHEAD;globa;;all
MM_TEMPLE_GREAT_BAY; mm; 0x8c00; dungeon;MM_TEMPLE_GREAT_BAY;globa;;all
MM_TEMPLE_STONE_TOWER_INVERTED; mm; 0x2a00; dungeon;MM_TEMPLE_STONE_TOWER_INVERTED;globa;;all
MM_TEMPLE_STONE_TOWER; mm; 0x2600; dungeon;MM_TEMPLE_STONE_TOWER;globa;;all
MM_SPIDER_HOUSE_SWAMP; mm; 0x4800; dungeon-sh;MM_SPIDER_HOUSE_SWAMP;globa;;all
MM_SPIDER_HOUSE_OCEAN; mm; 0x4a00; dungeon-sh;MM_SPIDER_HOUSE_OCEAN;globa;;all
MM_BENEATH_THE_WELL; mm; 0x9000; dungeon-btw;MM_BENEATH_THE_WELL;globa;;all
MM_BENEATH_THE_WELL_BACK; mm; 0x9010; dungeon-btw;MM_BENEATH_THE_WELL;globa;;all
MM_IKANA_CASTLE; mm; 0x3430; dungeon-acoi;MM_CASTLE_IKANA;globa;;all
MM_SECRET_SHRINE; mm; 0xba00; dungeon-ss;MM_SECRET_SHRINE;globa;;all
MM_PIRATE_FORTRESS; mm; 0x7000; dungeon-pf;MM_PIRATE_FORTRESS_EXTERIOR;globa;;all
MM_CLOCK_TOWER_ROOF; mm; 0x2c00; dungeon-ctr;MM_CLOCK_TOWER_ROOFTOP;globa;;all
MM_WOODFALL_FROM_TEMPLE; mm; 0x8610; dungeon-exit;MM_WOODFALL;globa;;all
MM_SNOWHEAD_FROM_TEMPLE; mm; 0xb210; dungeon-exit;MM_SNOWHEAD;globa;;all
MM_GREAT_BAY_FROM_TEMPLE; mm; 0x6a70; dungeon-exit;MM_GREAT_BAY_COAST;globa;;all
MM_STONE_TOWER_INVERTED_FROM_TEMPLE; mm; 0xac10; dungeon-exit;MM_STONE_TOWER_INVERTED;globa;;all
MM_STONE_TOWER_FROM_TEMPLE; mm; 0xaa20; dungeon-exit;MM_STONE_TOWER;globa;;all
MM_SWAMP_FROM_SPIDER_HOUSE; mm; 0x8480; dungeon-exit;MM_SOUTHERN_SWAMP;globa;;all
MM_GREAT_BAY_FROM_SPIDER_HOUSE; mm; 0x6880; dungeon-exit;MM_GREAT_BAY_COAST;globa;;all
MM_IKANA_CANYON_FROM_WELL; mm; 0x2050; dungeon-exit;MM_IKANA_CANYON;globa;;all
MM_IKANA_CASTLE_EXTERIOR_FROM_WELL; mm; 0x3400; dungeon-exit;MM_CASTLE_IKANA;globa;;all
MM_IKANA_CASTLE_EXTERIOR_FROM_CASTLE; mm; 0x3420; dungeon-exit;MM_CASTLE_IKANA;globa;;all
MM_IKANA_VALLEY_FROM_SHRINE; mm; 0x20c0; dungeon-exit;MM_IKANA_CANYON;globa;;all
MM_GREAT_BAY_FROM_PIRATE_FORTRESS; mm; 0x6850; dungeon-exit;MM_GREAT_BAY_COAST;globa;;all
MM_CLOCK_TOWN_FROM_CLOCK_TOWER_ROOF; mm; 0xd880; dungeon-exit;MM_CLOCK_TOWN_SOUTH;globa;;all
MM_SWAMP_FROM_ROAD; mm; 0x8400; region;MM_SOUTHERN_SWAMP;globa;;all
MM_MOUNTAIN_VILLAGE_FROM_PATH; mm; 0x9a60; region;MM_MOUNTAIN_VILLAGE;globa;;all
MM_GREAT_BAY_COAST_FROM_FIELD; mm; 0x6800; region;MM_GREAT_BAY_COAST;globa;;all
MM_IKANA_VALLEY_FROM_ROAD; mm; 0x2000; region;MM_IKANA_CANYON;globa;;all
MM_ROMANI_RANCH_FROM_MILK_ROAD; mm; 0x6400; region;MM_ROMANI_RANCH;globa;;all
MM_SWAMP_ROAD_FROM_SWAMP; mm; 0x7a10; region-exit;MM_SOUTHERN_SWAMP;globa;;all
MM_PATH_FROM_MOUNTAIN_VILLAGE; mm; 0x3210; region-exit;MM_PATH_MOUNTAIN_VILLAGE;globa;;all
MM_TERMINA_FIELD_FROM_GREAT_BAY_COAST; mm; 0x5420; region-exit;MM_TERMINA_FIELD;globa;;all
MM_IKANA_ROAD_FROM_VALLEY; mm; 0xa010; region-exit;MM_ROAD_IKANA;globa;;all
MM_MILK_ROAD_FROM_ROMANI_RANCH; mm; 0x3e10; region-exit;MM_MILK_ROAD;globa;;all
MM_CLOCK_TOWN_WEST_FROM_SOUTH_BOTTOM; mm; 0xd410; overworld;MM_CLOCK_TOWN_WEST;globa;;all
MM_CLOCK_TOWN_SOUTH_BOTTOM_FROM_WEST; mm; 0xd850; overworld;MM_CLOCK_TOWN_SOUTH;globa;;all
MM_CLOCK_TOWN_EAST_FROM_SOUTH_BOTTOM; mm; 0xd210; overworld;MM_CLOCK_TOWN_EAST;globa;;all
MM_CLOCK_TOWN_SOUTH_BOTTOM_FROM_EAST; mm; 0xd870; overworld;MM_CLOCK_TOWN_SOUTH;globa;;all
MM_CLOCK_TOWN_NORTH_FROM_EAST; mm; 0xd610; overworld;MM_CLOCK_TOWN_NORTH;globa;;all
MM_CLOCK_TOWN_EAST_FROM_NORTH; mm; 0xd250; overworld;MM_CLOCK_TOWN_EAST;globa;;all
MM_CLOCK_TOWN_NORTH_FROM_SOUTH; mm; 0xd620; overworld;MM_CLOCK_TOWN_NORTH;globa;;all
MM_CLOCK_TOWN_SOUTH_FROM_NORTH; mm; 0xd840; overworld;MM_CLOCK_TOWN_SOUTH;globa;;all
MM_CLOCK_TOWN_EAST_FROM_SOUTH_TOP; mm; 0xd230; overworld;MM_CLOCK_TOWN_EAST;globa;;all
MM_CLOCK_TOWN_SOUTH_TOP_FROM_EAST; mm; 0xd820; overworld;MM_CLOCK_TOWN_SOUTH;globa;;all
MM_CLOCK_TOWN_WEST_FROM_SOUTH_TOP; mm; 0xd420; overworld;MM_CLOCK_TOWN_WEST;globa;;all
MM_CLOCK_TOWN_SOUTH_TOP_FROM_WEST; mm; 0xd830; overworld;MM_CLOCK_TOWN_SOUTH;globa;;all
MM_CLOCK_TOWN_WEST_FROM_FIELD; mm; 0xd400; overworld;MM_CLOCK_TOWN_WEST;globa;;all
MM_CLOCK_TOWN_SOUTH_FROM_FIELD; mm; 0xd810; overworld;MM_CLOCK_TOWN_SOUTH;globa;;all
MM_CLOCK_TOWN_EAST_FROM_FIELD; mm; 0xd200; overworld;MM_CLOCK_TOWN_EAST;globa;;all
MM_CLOCK_TOWN_NORTH_FROM_FIELD; mm; 0xd600; overworld;MM_CLOCK_TOWN_NORTH;globa;;all
MM_CLOCK_TOWN_SOUTH_FROM_LAUNDRY_POOL; mm; 0xd860; overworld;MM_CLOCK_TOWN_SOUTH;globa;;all
MM_LAUNDRY_POOL; mm; 0xda00; overworld;MM_LAUNDRY_POOL;globa;;all
MM_TERMINA_FIELD_FROM_CLOCK_TOWN_WEST; mm; 0x5400; overworld;MM_TERMINA_FIELD;globa;;all
MM_TERMINA_FIELD_FROM_CLOCK_TOWN_SOUTH; mm; 0x5460; overworld;MM_TERMINA_FIELD;globa;;all
MM_TERMINA_FIELD_FROM_CLOCK_TOWN_EAST; mm; 0x5470; overworld;MM_TERMINA_FIELD;globa;;all
MM_TERMINA_FIELD_FROM_CLOCK_TOWN_NORTH; mm; 0x5480; overworld;MM_TERMINA_FIELD;globa;;all
MM_IKANA_ROAD_FROM_FIELD; mm; 0xa000; overworld;MM_ROAD_IKANA;globa;;all
MM_TERMINA_FIELD_FROM_ROAD_TO_IKANA; mm; 0x5440; overworld;MM_TERMINA_FIELD;globa;;all
MM_MOUNTAIN_VILLAGE_PATH_FROM_TERMINA_FIELD; mm; 0x3200; overworld;MM_PATH_MOUNTAIN_VILLAGE;globa;;all
MM_TERMINA_FIELD_FROM_PATH_TO_MOUNTAIN_VILLAGE; mm; 0x5430; overworld;MM_TERMINA_FIELD;globa;;all
MM_SWAMP_ROAD_FROM_FIELD; mm; 0x7a00; overworld;MM_ROAD_SOUTHERN_SWAMP;globa;;all
MM_TERMINA_FIELD_FROM_ROAD_TO_SWAMP; mm; 0x5410; overworld;MM_TERMINA_FIELD;globa;;all
MM_MILK_ROAD_FROM_FIELD; mm; 0x3e00; overworld;MM_MILK_ROAD;globa;;all
MM_TERMINA_FIELD_FROM_MILK_ROAD; mm; 0x5450; overworld;MM_TERMINA_FIELD;globa;;all
MM_GORMAN_TRACK_FROM_MILK_ROAD; mm; 0xce00; overworld;MM_GORMAN_TRACK;globa;;all
MM_MILK_ROAD_FROM_GORMAN_TRACK; mm; 0x3e30; overworld;MM_MILK_ROAD;globa;;all
MM_GORMAN_BACK_FROM_MILK_ROAD; mm; 0xce30; overworld;MM_GORMAN_TRACK;globa;;all
MM_MILK_ROAD_FROM_GORMAN_BACK; mm; 0x3e20; overworld;MM_MILK_ROAD;globa;;all
MM_SNOWHEAD_PATH_FROM_MOUNTAIN_VILLAGE; mm; 0xb000; overworld;MM_PATH_SNOWHEAD;globa;;all
MM_MOUNTAIN_VILLAGE_FROM_SNOWHEAD_PATH; mm; 0x9a40; overworld;MM_MOUNTAIN_VILLAGE;globa;;all
MM_SNOWHEAD_FROM_SNOWHEAD_PATH; mm; 0xb200; overworld;MM_SNOWHEAD;globa;;all
MM_PATH_SNOWHEAD_FROM_SNOWHEAD; mm; 0xb010; overworld;MM_PATH_SNOWHEAD;globa;;all
MM_IKANA_GRAVEYARD; mm; 0x8000; overworld;MM_IKANA_GRAVEYARD;globa;;all
MM_IKANA_ROAD_FROM_IKANA_GRAVEYARD; mm; 0xa020; overworld;MM_ROAD_IKANA;globa;;all
MM_ZORA_CAPE_FROM_GREAT_BAY_COAST; mm; 0x6a00; overworld;MM_ZORA_CAPE;globa;;all
MM_GREAT_BAY_COAST_FROM_ZORA_CAPE; mm; 0x6810; overworld;MM_GREAT_BAY_COAST;globa;;all
MM_PINNACLE_ROCK; mm; 0x4400; overworld;MM_PINNACLE_ROCK;globa;;all
MM_GREAT_BAY_FROM_PINNACLE_ROCK; mm; 0x6830; overworld;MM_GREAT_BAY_COAST;globa;;all
MM_ZORA_CAPE_FROM_HALL_WATER; mm; 0x6a10; overworld;MM_ZORA_CAPE;globa;;all
MM_ZORA_HALL_UNDERWATER; mm; 0x6000; overworld;MM_ZORA_HALL;globa;;all
MM_ZORA_CAPE_PENINSULA; mm; 0x6a20; overworld;MM_ZORA_CAPE;globa;;all
MM_ZORA_HALL_LEDGE; mm; 0x6010; overworld;MM_ZORA_HALL;globa;;all
MM_DEKU_PALACE_MAIN_ENTRANCE; mm; 0x5000; overworld;MM_DEKU_PALACE;globa;;all
MM_SWAMP_FROM_PALACE_MAIN_ENTRANCE; mm; 0x8430; overworld;MM_SOUTHERN_SWAMP;globa;;all
MM_DEKU_PALACE_LEDGE; mm; 0x5050; overworld;MM_DEKU_PALACE;globa;;all
MM_SWAMP_FROM_PALACE_LEDGE; mm; 0x8440; overworld;MM_SOUTHERN_SWAMP;globa;;all
MM_WOODFALL; mm; 0x8600; overworld;MM_WOODFALL;globa;;all
MM_SWAMP_FROM_WOODFALL; mm; 0x8420; overworld;MM_SOUTHERN_SWAMP;globa;;all
MM_MYSTERY_WOODS; mm; 0xc200; overworld;MM_LOST_WOODS;globa;;all
MM_SWAMP_FROM_MYSTERY_WOODS; mm; 0x8470; overworld;MM_SOUTHERN_SWAMP;globa;;all
MM_SEWERS_FROM_EXTERIOR_GATE; mm; 0x4090; overworld-pf;MM_PIRATE_SEWERS;globa;;all
MM_EXTERIOR_GATE_FROM_SEWERS; mm; 0x7020; overworld-pf;MM_PIRATE_FORTRESS_EXTERIOR;globa;;all
MM_PIRATE_FORTRESS_INTERIOR; mm; 0x2200; overworld-pf;MM_PIRATE_FORTRESS_INTERIOR;globa;;all
MM_PIRATE_FORTRESS_EXTERIOR_FROM_INTERIOR; mm; 0x7010; overworld-pf;MM_PIRATE_FORTRESS_EXTERIOR;globa;;all
MM_PIRATE_FORTRESS_INTERIOR_FROM_LOOKOUT; mm; 0x22c0; overworld-pf;MM_PIRATE_FORTRESS_INTERIOR;globa;;all
MM_PIRATE_FORTRESS_EXTERIOR_LOOKOUT; mm; 0x7050; overworld-pf;MM_PIRATE_FORTRESS_EXTERIOR;globa;;all
MM_IKANA_CASTLE_GARDENS; mm; 0x3410; overworld;MM_CASTLE_IKANA;globa;;all
MM_IKANA_CANYON_FROM_CASTLE_GARDENS; mm; 0x2080; overworld;MM_IKANA_CANYON;globa;;all
MM_STONE_TOWER; mm; 0xaa00; overworld;MM_STONE_TOWER;globa;;all
MM_IKANA_CANYON_FROM_STONE_TOWER; mm; 0x2030; overworld;MM_IKANA_CANYON;globa;;all
MM_TWIN_ISLANDS_FROM_MOUNTAIN_VILLAGE; mm; 0xb400; overworld;MM_TWIN_ISLANDS;globa;;all
MM_MOUNTAIN_VILLAGE_FROM_TWIN_ISLANDS; mm; 0x9a20; overworld;MM_MOUNTAIN_VILLAGE;globa;;all
MM_TWIN_ISLANDS_FROM_GORON_VILLAGE; mm; 0xb410; overworld;MM_TWIN_ISLANDS;globa;;all
MM_GORON_VILLAGE_FROM_TWIN_ISLANDS; mm; 0x9400; overworld;MM_GORON_VILLAGE_WINTER;globa;;all
MM_SWAMP_FROM_IKANA_CANYON; mm; 0x8490; one-way;MM_IKANA_CANYON;globa;;all
MM_IKANA_CASTLE_INTERIOR_KEG; mm; 0x3440; one-way-ikana;MM_CASTLE_IKANA;globa;;all
MM_IKANA_CASTLE_INTERIOR_BLOCK; mm; 0x3450; one-way-ikana;MM_CASTLE_IKANA;globa;;all
MM_CHEST_GAME; mm; 0x2800; indoors;MM_TREASURE_SHOP;globa;;all
MM_HONEY_AND_DARLING_GAME; mm; 0x0800; indoors;MM_HONEY_DARLING;globa;;all
MM_MAYORS_OFFICE; mm; 0x0000; indoors;MM_MAYOR_HOUSE;globa;;all
MM_TOWN_ARCHERY; mm; 0x3a00; indoors;MM_SHOOTING_GALLERY;globa;;all
MM_MILK_BAR; mm; 0x2400; indoors;MM_MILK_BAR;globa;;all
MM_FAIRY_FOUNTAIN_TOWN; mm; 0x4600; indoors;MM_FAIRY_CLOCK_TOWN;globa;;all
MM_SWORDSMAN_SCHOOL; mm; 0xa200; indoors;MM_SWORDSMAN_SCHOOL;globa;;all
MM_CURIOSITY_SHOP; mm; 0x0e00; indoors;MM_CURIOSITY_SHOP;globa;;all
MM_TRADING_POST; mm; 0x6200; indoors;MM_TRADING_POST;globa;;all
MM_BOMB_SHOP; mm; 0xca00; indoors;MM_BOMB_SHOP;globa;;all
MM_POST_OFFICE; mm; 0x5600; indoors;MM_POST_OFFICE;globa;;all
MM_LOTTERY; mm; 0x6c00; indoors;MM_LOTTERY;globa;;all
MM_KAFEI_HIDEOUT; mm; 0x0e10; indoors;MM_CURIOSITY_SHOP;globa;;all
MM_POTION_SHOP; mm; 0x0400; indoors;MM_POTION_SHOP;globa;;all
MM_DEKU_SHRINE; mm; 0x9e00; indoors;MM_DEKU_SHRINE;globa;;all
MM_GORON_SHOP; mm; 0x7400; indoors;MM_GORON_SHOP;globa;;all
MM_FISHER_HUT; mm; 0x7200; indoors;MM_FISHERMAN_HUT;globa;;all
MM_LABORATORY; mm; 0x5800; indoors;MM_LABORATORY;globa;;all
MM_ROOM_EVANS; mm; 0x9230; indoors;MM_ZORA_EVANS_ROOM;globa;;all
MM_ROOM_JAPAS; mm; 0x9210; indoors;MM_ZORA_JAPAS_ROOM;globa;;all
MM_ROOM_TIJO; mm; 0x9200; indoors;MM_ZORA_TIJO_ROOM;globa;;all
MM_ROOM_LULU; mm; 0x9220; indoors;MM_ZORA_LULU_ROOM;globa;;all
MM_ZORA_SHOP; mm; 0x9250; indoors;MM_ZORA_SHOP;globa;;all
MM_GHOST_HUT; mm; 0x9c00; indoors;MM_GHOST_HUT;globa;;all
MM_MUSIC_BOX_HOUSE; mm; 0xa400; indoors;MM_MUSIC_BOX_HOUSE;globa;;all
MM_FAIRY_FOUNTAIN_IKANA; mm; 0x4640; indoors;MM_FAIRY_IKANA;globa;;all
MM_IKANA_CAVERN; mm; 0x20e0; indoors;MM_SECRET_SHRINE;globa;;all
MM_FAIRY_FOUNTAIN_GREAT_BAY; mm; 0x4630; indoors;MM_FAIRY_GREAT_BAY_COAST;globa;;all
MM_FAIRY_FOUNTAIN_SNOWHEAD; mm; 0x4620; indoors;MM_FAIRY_SNOWHEAD;globa;;all
MM_FAIRY_FOUNTAIN_WOODFALL; mm; 0x4610; indoors;MM_FAIRY_WOODFALL;globa;;all
MM_GORON_GRAVEYARD; mm; 0x9600; indoors;MM_GORON_GRAVEYARD;globa;;all
MM_BLACKSMITH; mm; 0x5200; indoors;MM_BLACKSMITH;globa;;all
MM_SWAMP_ARCHERY; mm; 0x4200; indoors;MM_SHOOTING_GALLERY_SWAMP;globa;;all
MM_GORON_RACETRACK; mm; 0xd000; indoors;MM_GORON_RACETRACK;globa;;all
MM_BEAVERS; mm; 0x8e00; indoors;MM_WATERFALL_RAPIDS;globa;;all
MM_CUCCO_SHACK; mm; 0x7e00; indoors;MM_CUCCO_SHACK;globa;;all
MM_DOGGY_RACETRACK; mm; 0x7c00; indoors;MM_DOG_RACETRACK;globa;;all
MM_STABLES; mm; 0x0600; indoors;MM_RANCH_HOUSE_BARN;globa;;all
MM_RANCH_HOUSE; mm; 0x0610; indoors;MM_ROMANI_RANCH_BARN;globa;;all
MM_GORON_SHRINE; mm; 0x5e00; indoors;MM_GORON_SHRINE;globa;;all
MM_DEKU_PALACE_THRONE; mm; 0x7600; indoors;MM_DEKU_KING_CHAMBER;globa;;all
MM_DEKU_PALACE_THRONE_CAGE; mm; 0x7610; indoors;MM_DEKU_KING_CHAMBER;globa;;all
MM_LONE_PEAK_SHRINE; mm; 0x1500; indoors;MM_LONE_PEAK;globa;;all
MM_STOCK_POT_INN; mm; 0xbc00; indoors-extra;MM_STOCK_POT_INN;globa;;all
MM_STOCK_POT_INN_ROOF; mm; 0xbc10; indoors-extra;MM_STOCK_POT_INN;globa;;all
MM_SEWERS_FROM_EXTERIOR_DOOR; mm; 0x40a0; indoors-pf;MM_PIRATE_SEWERS;globa;;all
MM_TOURIST_INFORMATION; mm; 0xa800; indoors-extra;MM_TOURIST_INFORMATION;globa;;all
MM_ASTRAL_OBSERVATORY_FROM_CLOCK_TOWN_EAST; mm; 0x4c00; indoors-extra; MM_OBSERVATORY;globa;;all
MM_ASTRAL_OBSERVATORY_FROM_FIELD; mm; 0x4c10; indoors-extra; MM_OBSERVATORY;globa;;all
MM_CLOCK_TOWN_EAST_FROM_CHEST_GAME; mm; 0xd240; indoors-exit;MM_CLOCK_TOWN_EAST;globa;;all
MM_CLOCK_TOWN_EAST_FROM_HONEY_AND_DARLING; mm; 0xd260; indoors-exit;MM_CLOCK_TOWN_EAST;globa;;all
MM_CLOCK_TOWN_EAST_FROM_MAYORS_OFFICE; mm; 0xd270; indoors-exit;MM_CLOCK_TOWN_EAST;globa;;all
MM_CLOCK_TOWN_EAST_FROM_TOWN_ARCHERY; mm; 0xd280; indoors-exit;MM_CLOCK_TOWN_EAST;globa;;all
MM_CLOCK_TOWN_EAST_FROM_STOCK_POT_INN; mm; 0xd290; indoors-exit;MM_CLOCK_TOWN_EAST;globa;;all
MM_CLOCK_TOWN_EAST_FROM_STOCK_POT_INN_ROOF; mm; 0xd2a0; indoors-exit;MM_CLOCK_TOWN_EAST;globa;;all
MM_CLOCK_TOWN_EAST_FROM_MILK_BAR; mm; 0xd2b0; indoors-exit;MM_CLOCK_TOWN_EAST;globa;;all
MM_CLOCK_TOWN_NORTH_FROM_FAIRY_FOUNTAIN; mm; 0xd630; indoors-exit;MM_CLOCK_TOWN_NORTH;globa;;all
MM_CLOCK_TOWN_WEST_FROM_SWORDSMAN_SCHOOL; mm; 0xd430; indoors-exit;MM_CLOCK_TOWN_WEST;globa;;all
MM_CLOCK_TOWN_WEST_FROM_CURIOSITY_SHOP; mm; 0xd440; indoors-exit;MM_CLOCK_TOWN_WEST;globa;;all
MM_CLOCK_TOWN_WEST_FROM_TRADING_POST; mm; 0xd450; indoors-exit;MM_CLOCK_TOWN_WEST;globa;;all
MM_CLOCK_TOWN_WEST_FROM_BOMB_SHOP; mm; 0xd460; indoors-exit;MM_CLOCK_TOWN_WEST;globa;;all
MM_CLOCK_TOWN_WEST_FROM_POST_OFFICE; mm; 0xd470; indoors-exit;MM_CLOCK_TOWN_WEST;globa;;all
MM_CLOCK_TOWN_WEST_FROM_LOTTERY; mm; 0xd480; indoors-exit;MM_CLOCK_TOWN_WEST;globa;;all
MM_LAUNDRY_POOL_FROM_KAFEI_HIDEOUT; mm; 0xda10; indoors-exit;MM_LAUNDRY_POOL;globa;;all
MM_SWAMP_FROM_POTION_SHOP; mm; 0x8450; indoors-exit;MM_SOUTHERN_SWAMP;globa;;all
MM_DEKU_PALACE_EXTERIOR_FROM_SHRINE; mm; 0x5040; indoors-exit;MM_DEKU_PALACE;globa;;all
MM_GORON_SHRINE_FROM_SHOP; mm; 0x5e10; indoors-exit;MM_GORON_SHRINE;globa;;all
MM_GREAT_BAY_COAST_FROM_FISHER_HUT; mm; 0x6840; indoors-exit;MM_GREAT_BAY_COAST;globa;;all
MM_GREAT_BAY_COAST_FROM_LABORATORY; mm; 0x6870; indoors-exit;MM_GREAT_BAY_COAST;globa;;all
MM_ZORA_HALL_FROM_EVANS; mm; 0x6040; indoors-exit;MM_ZORA_HALL;globa;;all
MM_ZORA_HALL_FROM_JAPAS; mm; 0x6050; indoors-exit;MM_ZORA_HALL;globa;;all
MM_ZORA_HALL_FROM_TIJO; mm; 0x6060; indoors-exit;MM_ZORA_HALL;globa;;all
MM_ZORA_HALL_FROM_LULU; mm; 0x6030; indoors-exit;MM_ZORA_HALL;globa;;all
MM_ZORA_HALL_FROM_SHOP; mm; 0x6020; indoors-exit;MM_ZORA_HALL;globa;;all
MM_IKANA_CANYON_FROM_GHOST_HUT; mm; 0x2010; indoors-exit;MM_IKANA_CANYON;globa;;all
MM_IKANA_CANYON_FROM_MUSIC_BOX_HOUSE; mm; 0x2020; indoors-exit;MM_IKANA_CANYON;globa;;all
MM_IKANA_CANYON_FROM_FAIRY_FOUNTAIN; mm; 0x20b0; indoors-exit;MM_IKANA_CANYON;globa;;all
MM_IKANA_CANYON_FROM_CAVERN; mm; 0x20d0; indoors-exit;MM_IKANA_CANYON;globa;;all
MM_EXTERIOR_DOOR_FROM_SEWERS; mm; 0x7060; indoors-exit;MM_PIRATE_FORTRESS_EXTERIOR;globa;;all
MM_GREAT_BAY_FROM_FAIRY_FOUNTAIN; mm; 0x6a50; indoors-exit;MM_GREAT_BAY_COAST;globa;;all
MM_SNOWHEAD_FROM_FAIRY_FOUNTAIN; mm; 0xb220; indoors-exit;MM_SNOWHEAD;globa;;all
MM_SWAMP_FROM_TOURIST_INFORMATION; mm; 0x8410; indoors-exit;MM_SOUTHERN_SWAMP;globa;;all
MM_WOODFALL_FROM_FAIRY_FOUNTAIN; mm; 0x8620; indoors-exit;MM_WOODFALL;globa;;all
MM_MOUNTAIN_VILLAGE_FROM_GORON_GRAVEYARD; mm; 0x9a30; indoors-exit;MM_MOUNTAIN_VILLAGE;globa;;all
MM_MOUNTAIN_VILLAGE_FROM_BLACKSMITH; mm; 0x9a10; indoors-exit;MM_MOUNTAIN_VILLAGE;globa;;all
MM_ROMANI_RANCH_FROM_CUCCO_SHACK; mm; 0x6440; indoors-exit;MM_ROMANI_RANCH;globa;;all
MM_ROMANI_RANCH_FROM_DOGGY_RACETRACK; mm; 0x6450; indoors-exit;MM_ROMANI_RANCH;globa;;all
MM_ROMANI_RANCH_FROM_STABLES; mm; 0x6420; indoors-exit;MM_ROMANI_RANCH;globa;;all
MM_ROMANI_RANCH_FROM_RANCH_HOUSE; mm; 0x6430; indoors-exit;MM_ROMANI_RANCH;globa;;all
MM_CLOCK_TOWN_EAST_FROM_ASTRAL_OBSERVATORY; mm; 0xd220; indoors-exit;MM_CLOCK_TOWN_EAST;globa;;all
MM_FIELD_FROM_ASTRAL_OBSERVATORY; mm; 0x5490; indoors-exit;MM_TERMINA_FIELD;globa;;all
MM_SWAMP_ROAD_FROM_ARCHERY; mm; 0x7a20; indoors-exit;MM_ROAD_SOUTHERN_SWAMP;globa;;all
MM_TWIN_ISLANDS_FROM_GORON_RACETRACK; mm; 0xb420; indoors-exit;MM_TWIN_ISLANDS;globa;;all
MM_ZORA_CAPE_FROM_BEAVERS; mm; 0x6a40; indoors-exit;MM_ZORA_CAPE;globa;;all
MM_GORON_VILLAGE_FROM_GORON_SHRINE; mm; 0x9420; indoors-exit;MM_GORON_VILLAGE_WINTER;globa;;all
MM_GORON_VILLAGE_FROM_LONE_PEAK_SHRINE; mm; 0x9430; indoors-exit;MM_GORON_VILLAGE_WINTER;globa;;all
MM_DEKU_PALACE_EXTERIOR_FROM_THRONE; mm; 0x5020; indoors-exit;MM_DEKU_PALACE;globa;;all
MM_DEKU_PALACE_EXTERIOR_FROM_THRONE_CAGE; mm; 0x5030; indoors-exit;MM_DEKU_PALACE;globa;;all
MM_SAKON_HIDEOUT; mm; 0x9800; indoors-special;MM_SAKON_HIDEOUT;globa;;all
MM_IKANA_CANYON_FROM_SAKON_HIDEOUT; mm; 0x2060; indoors-special;MM_IKANA_CANYON;globa;;all
MM_WARP_OWL_GREAT_BAY; mm; 0x68b0; one-way-statue;MM_GREAT_BAY_COAST;globa;;all
MM_WARP_OWL_ZORA_CAPE; mm; 0x6a60; one-way-statue;MM_ZORA_CAPE;globa;;all
MM_WARP_OWL_SNOWHEAD; mm; 0xb230; one-way-statue;MM_SNOWHEAD;globa;;all
MM_WARP_OWL_MOUNTAIN_VILLAGE; mm; 0x9a80; one-way-statue;MM_MOUNTAIN_VILLAGE;globa;;all
MM_WARP_OWL_CLOCK_TOWN; mm; 0xd890; one-way-statue;MM_CLOCK_TOWN_SOUTH;globa;;all
MM_WARP_OWL_MILK_ROAD; mm; 0x3e40; one-way-statue;MM_MILK_ROAD;globa;;all
MM_WARP_OWL_WOODFALL; mm; 0x8640; one-way-statue;MM_WOODFALL;globa;;all
MM_WARP_OWL_SOUTHERN_SWAMP; mm; 0x84a0; one-way-statue;MM_SOUTHERN_SWAMP;globa;;all
MM_WARP_OWL_IKANA_CANYON; mm; 0x2040; one-way-statue;MM_IKANA_CANYON;globa;;all
MM_WARP_OWL_STONE_TOWER; mm; 0xaa30; one-way-statue;MM_STONE_TOWER;globa;;all
MM_WALLMASTER_DAMPE; mm; 0xff00; wallmaster;MM_DAMPE_HOUSE;globa;;all
MM_WALLMASTER_BTW_ENTRANCE; mm; 0xff01; wallmaster;MM_BENEATH_THE_WELL;globa;;all
MM_WALLMASTER_BTW_FOUNTAIN; mm; 0xff02; wallmaster;MM_BENEATH_THE_WELL;globa;;all
MM_WALLMASTER_BTW_EXIT; mm; 0xff03; wallmaster;MM_BENEATH_THE_WELL;globa;;all
MM_GROTTO_GENERIC_FIELD_PILLAR; mm; 0x10000; grotto;MM_GROTTO_TERMINA_PILLAR;globa;;all
MM_GROTTO_GENERIC_GRASS; mm; 0x10001; grotto;MM_GROTTO_TERMINA_TALL_GRASS;globa;;all
MM_GROTTO_GENERIC_PATH_SWAMP; mm; 0x10002; grotto;MM_GROTTO_SOUTHERN_SWAMP_ROAD_OPEN;globa;;all
MM_GROTTO_GENERIC_WOODS; mm; 0x10003; grotto;MM_GROTTO_WOODS_OF_MYSTERY_OPEN;globa;;all
MM_GROTTO_GENERIC_SWAMP; mm; 0x10004; grotto;MM_GROTTO_SOUTHERN_SWAMP_OPEN;globa;;all
MM_GROTTO_GENERIC_MOUNTAIN_VILLAGE; mm; 0x10005; grotto;MM_GROTTO_MOUNTAIN_VILLAGE_GENERIC;globa;;all
MM_GROTTO_GENERIC_TWIN_ISLANDS; mm; 0x10006; grotto;MM_GROTTO_TWIN_ISLANDS_RAMP;globa;;all
MM_GROTTO_GENERIC_PATH_SNOWHEAD; mm; 0x10007; grotto;MM_GROTTO_PATH_TO_SNOWHEAD_GENERIC;globa;;all
MM_GROTTO_GENERIC_GREAT_BAY_COAST; mm; 0x10008; grotto;MM_GROTTO_GREAT_BAY_COAST_FISHERMAN;globa;;all
MM_GROTTO_GENERIC_ZORA_CAPE; mm; 0x10009; grotto;MM_GROTTO_ZORA_CAPE_GENERIC;globa;;all
MM_GROTTO_GENERIC_PATH_IKANA; mm; 0x1000a; grotto;MM_GROTTO_IKANA_ROAD_GENERIC;globa;;all
MM_GROTTO_GENERIC_GRAVEYARD; mm; 0x1000b; grotto;MM_GROTTO_IKANA_GRAVEYARD_GENERIC;globa;;all
MM_GROTTO_GENERIC_VALLEY; mm; 0x1000c; grotto;MM_GROTTO_IKANA_VALLEY_OPEN;globa;;all
MM_GROTTO_COW_FIELD; mm; 0x1000d; grotto;MM_GROTTO_TERMINA_COW;globa;;all
MM_GROTTO_COW_COAST; mm; 0x1000e; grotto;MM_GROTTO_GREAT_BAY_COAST_COW;globa;;all
MM_GROTTO_GOSSIPS_MOUNTAIN; mm; 0x1430; grotto;MM_GROTTO_TERMINA_MOUNTAIN_GOSSIP;globa;;all
MM_GROTTO_GOSSIPS_CANYON; mm; 0x1420; grotto;MM_GROTTO_TERMINA_CANYON_GOSSIP;globa;;all
MM_GROTTO_GOSSIPS_OCEAN; mm; 0x1400; grotto;MM_GROTTO_TERMINA_OCEAN_GOSSIP;globa;;all
MM_GROTTO_GOSSIPS_SWAMP; mm; 0x1410; grotto;MM_GROTTO_TERMINA_SWAMP_GOSSIP;globa;;all
MM_GROTTO_DODONGO; mm; 0x1470; grotto;MM_GROTTO_TERMINA_DODONGO;globa;;all
MM_GROTTO_SCRUB; mm; 0x1490; grotto;MM_GROTTO_TERMINA_SCRUB;globa;;all
MM_GROTTO_PEAHAT; mm; 0x14d0; grotto;MM_GROTTO_TERMINA_PEAHAT;globa;;all
MM_GROTTO_BIO_BABA; mm; 0x14b0; grotto;MM_GROTTO_TERMINA_BIO_BABA;globa;;all
MM_GROTTO_HOT_WATER; mm; 0x1450; grotto;MM_GROTTO_TWIN_ISLANDS_FROZEN;globa;;all
MM_GROTTO_BEAN; mm; 0x14c0; grotto;MM_GROTTO_DEKU_PALACE_BEANS;globa;;all
MM_GROTTO_DEKU_PLAYGROUND; mm; 0x3600; grotto;MM_DEKU_PLAYGROUND;globa;;all
MM_GROTTO_JP_CLIMB_LEFT; mm; 0x14f0; grotto;MM_GROTTO_DEKU_PALACE_CLIMB;globa;;mm_jp
MM_GROTTO_JP_CLIMB_RIGHT; mm; 0x1480; grotto;MM_GROTTO_DEKU_PALACE_CLIMB;globa;;mm_jp
MM_GROTTO_JP_LINE_START; mm; 0x14e0; grotto;MM_GROTTO_DEKU_PALACE_GENERIC;globa;;mm_jp
MM_GROTTO_JP_LINE_END; mm; 0x1460; grotto;MM_GROTTO_DEKU_PALACE_GENERIC;globa;;mm_jp
MM_GRAVE_NIGHT1; mm; 0x0a10; grave;MM_BENEATH_THE_GRAVEYARD_NIGHT1;globa;;all
MM_GRAVE_NIGHT2; mm; 0x0a00; grave;MM_BENEATH_THE_GRAVEYARD_NIGHT2;globa;;all
MM_GRAVE_NIGHT3; mm; 0x5a00; grave;MM_DAMPE_HOUSE;globa;;all
MM_GROTTO_EXIT_GENERIC_FIELD_PILLAR; mm; 0x10100; grotto-exit;MM_TERMINA_FIELD;globa;;all
MM_GROTTO_EXIT_GENERIC_GRASS; mm; 0x10101; grotto-exit;MM_TERMINA_FIELD;globa;;all
MM_GROTTO_EXIT_GENERIC_PATH_SWAMP; mm; 0x10102; grotto-exit;MM_ROAD_SOUTHERN_SWAMP;globa;;all
MM_GROTTO_EXIT_GENERIC_WOODS; mm; 0x10103; grotto-exit;MM_LOST_WOODS;globa;;all
MM_GROTTO_EXIT_GENERIC_SWAMP; mm; 0x10104; grotto-exit;MM_SOUTHERN_SWAMP;globa;;all
MM_GROTTO_EXIT_GENERIC_MOUNTAIN_VILLAGE; mm; 0x10105; grotto-exit;MM_MOUNTAIN_VILLAGE;globa;;all
MM_GROTTO_EXIT_GENERIC_TWIN_ISLANDS; mm; 0x10106; grotto-exit;MM_TWIN_ISLANDS;globa;;all
MM_GROTTO_EXIT_GENERIC_PATH_SNOWHEAD; mm; 0x10107; grotto-exit;MM_PATH_SNOWHEAD;globa;;all
MM_GROTTO_EXIT_GENERIC_GREAT_BAY_COAST; mm; 0x10108; grotto-exit;MM_GREAT_BAY_COAST;globa;;all
MM_GROTTO_EXIT_GENERIC_ZORA_CAPE; mm; 0x10109; grotto-exit;MM_ZORA_CAPE;globa;;all
MM_GROTTO_EXIT_GENERIC_PATH_IKANA; mm; 0x1010a; grotto-exit;MM_ROAD_IKANA;globa;;all
MM_GROTTO_EXIT_GENERIC_GRAVEYARD; mm; 0x1010b; grotto-exit;MM_IKANA_GRAVEYARD;globa;;all
MM_GROTTO_EXIT_GENERIC_VALLEY; mm; 0x1010c; grotto-exit;MM_IKANA_CANYON;globa;;all
MM_GROTTO_EXIT_COW_FIELD; mm; 0x1010d; grotto-exit;MM_TERMINA_FIELD;globa;;all
MM_GROTTO_EXIT_COW_COAST; mm; 0x1010e; grotto-exit;MM_GREAT_BAY_COAST;globa;;all
MM_GROTTO_EXIT_GOSSIPS_MOUNTAIN; mm; 0x1010f; grotto-exit;MM_TERMINA_FIELD;globa;;all
MM_GROTTO_EXIT_GOSSIPS_CANYON; mm; 0x10110; grotto-exit;MM_TERMINA_FIELD;globa;;all
MM_GROTTO_EXIT_GOSSIPS_OCEAN; mm; 0x10111; grotto-exit;MM_TERMINA_FIELD;globa;;all
MM_GROTTO_EXIT_GOSSIPS_SWAMP; mm; 0x10112; grotto-exit;MM_TERMINA_FIELD;globa;;all
MM_GROTTO_EXIT_DODONGO; mm; 0x10113; grotto-exit;MM_TERMINA_FIELD;globa;;all
MM_GROTTO_EXIT_SCRUB; mm; 0x10114; grotto-exit;MM_TERMINA_FIELD;globa;;all
MM_GROTTO_EXIT_PEAHAT; mm; 0x10115; grotto-exit;MM_TERMINA_FIELD;globa;;all
MM_GROTTO_EXIT_BIO_BABA; mm; 0x10116; grotto-exit;MM_TERMINA_FIELD;globa;;all
MM_GROTTO_EXIT_HOT_WATER; mm; 0x10117; grotto-exit;MM_TWIN_ISLANDS;globa;;all
MM_GROTTO_EXIT_BEAN; mm; 0x5090; grotto-exit;MM_DEKU_PALACE;globa;;all
MM_GROTTO_EXIT_DEKU_PLAYGROUND; mm; 0xd640; grotto-exit;MM_CLOCK_TOWN_NORTH;globa;;all
MM_GROTTO_EXIT_JP_CLIMB_LEFT; mm; 0x5060; grotto-exit;MM_DEKU_PALACE;globa;;mm_jp
MM_GROTTO_EXIT_JP_CLIMB_RIGHT; mm; 0x50a0; grotto-exit;MM_DEKU_PALACE;globa;;mm_jp
MM_GROTTO_EXIT_JP_LINE_START; mm; 0x5070; grotto-exit;MM_DEKU_PALACE;globa;;mm_jp
MM_GROTTO_EXIT_JP_LINE_END; mm; 0x5080; grotto-exit;MM_DEKU_PALACE;globa;;mm_jp
MM_GRAVE_EXIT_NIGHT1; mm; 0x8030; grave-exit;MM_IKANA_GRAVEYARD;globa;;all
MM_GRAVE_EXIT_NIGHT2; mm; 0x8020; grave-exit;MM_IKANA_GRAVEYARD;globa;;all
MM_GRAVE_EXIT_NIGHT3; mm; 0x8010; grave-exit;MM_IKANA_GRAVEYARD;globa;;all
MM_VOID_GREAT_BAY; mm; 0x6820; one-way-water-void;MM_GREAT_BAY_COAST;globa;;all
MM_VOID_GREAT_BAY_BY_PINNACLE_ROCK; mm; 0x6860; one-way-water-void;MM_GREAT_BAY_COAST;globa;;all
MM_VOID_ZORA_CAPE; mm; 0x6a30; one-way-water-void;MM_ZORA_CAPE;globa;;all
MM_VOID_PINNACLE_ROCK; mm; 0x4410; one-way-water-void;MM_PINNACLE_ROCK;globa;;all
MM_MOON; mm; 0xc800; none;MM_MOON;globa;;all
MM_CLOCK_TOWN_FROM_SONG_OF_TIME; mm; 0x1c00; none;MM_CLOCK_TOWN_SOUTH;globa;;all
MM_CLOCK_TOWER_MOON_CRASH; mm; 0xc030; none;MM_CLOCK_TOWER_ROOFTOP;globa;;all
MM_CLOCK_TOWN_FROM_CLOCK_TOWER; mm; 0xd800; indoors-link;MM_CLOCK_TOWN_SOUTH;globa;;all
MM_CLOCK_TOWER_FROM_CLOCK_TOWN; mm; 0xc010; none;MM_CLOCK_TOWER_ROOFTOP;globa;;all
MM_COAST_FROM_MIKAU_CS; mm; 0x68a0; none;MM_GREAT_BAY_COAST;globa;;all
MM_GROTTO_TYPE_GENERIC; mm; 0x1440; none;MM_GROTTOS;globa;;all
MM_GROTTO_TYPE_COW; mm; 0x14a0; none;MM_GROTTOS;globa;;all
MM_IKANA_GRAVEYARD_FROM_DAMPE; mm; 0x8040; none;MM_IKANA_GRAVEYARD;globa;;all
MM_MILK_ROAD_FROM_RANCH2; mm; 0x3e50; none;MM_MILK_ROAD;globa;;all
MM_MILK_ROAD_FROM_GORMAN_TRACK2; mm; 0x3e60; none;MM_MILK_ROAD;globa;;all
MM_GORMAN_TRACK_UNK2; mm; 0xce10; none;MM_GORMAN_TRACK;globa;;all
MM_GORMAN_TRACK_UNK3; mm; 0xce20; none;MM_GORMAN_TRACK;globa;;all
MM_GORMAN_TRACK_UNK5; mm; 0xce40; none;MM_GORMAN_TRACK;globa;;all
MM_GORMAN_TRACK_UNK6; mm; 0xce50; none;MM_GORMAN_TRACK;globa;;all
MM_GORON_RACETRACK_ALT; mm; 0xd010; none;MM_GORON_RACETRACK;globa;;all
MM_INTERNAL_EXIT_GROTTO; mm; 0xffff; none;MM_GROTTOS;globa;;all
MM_LOST_WOODS; mm; 0xc400; none;MM_LOST_WOODS;globa;;all
