Code_Name;Game;ID;Type;Scene;;;;;;;;;;;
OOT_SPAWN_CHILD; oot; 0x0bb; spawn-child;LINK_HOUSE; areas;OOT SPAWN CHILD; OOT Link's House; debug;COMMON; Link's House;;;;;
OOT_SPAWN_ADULT; oot; 0xf20; spawn-adult;TEMPLE_OF_TIME; areas;OOT SPAWN ADULT; OOT Temple of Time;;;;;;;;
OOT_BOSS_DEKU_TREE; oot; 0x40f; boss;OOT_DEKU_TREE; areas;OOT Deku Tree Before Boss; OOT Deku Tree Boss; debug;BOSS; Gohma;;;;;
OOT_BOSS_DODONGO_CAVERN; oot; 0x40b; boss;OOT_DODONGO_CAVERN; areas;OOT Dodongo Cavern Pre-Boss Lobby; OOT Dodongo Cavern Boss; debug;BOSS; King Dodongo;;;;;
OOT_BOSS_JABU_JABU; oot; 0x301; boss;OOT_JABU_JABU; areas;OOT Jabu-Jabu Pre-Boss Room; OOT Jabu-Jabu Boss; debug;BOSS; Barinade;;;;;
OOT_BOSS_TEMPLE_FOREST; oot; 0x00c; boss;OOT_TEMPLE_FOREST; areas;OOT Forest Temple Antichamber Room Hallway Before Boss; OOT Forest Temple Boss; debug;BOSS; Phantom Ganon;;;;;
OOT_BOSS_TEMPLE_FIRE; oot; 0x305; boss;OOT_TEMPLE_FIRE; areas;OOT Fire Temple Pre-Boss; OOT Fire Temple Boss; debug;BOSS; Volvagia;;;;;
OOT_BOSS_TEMPLE_WATER; oot; 0x417; boss;OOT_TEMPLE_WATER; areas;OOT Water Temple Antichamber Room; OOT Water Temple Boss; debug;BOSS; Morpha;;;;;
OOT_BOSS_TEMPLE_SHADOW; oot; 0x413; boss;OOT_TEMPLE_SHADOW; areas;OOT Shadow Temple Pre-Boss; OOT Shadow Temple Boss; debug;BOSS; Bongo-Bongo;;;;;
OOT_BOSS_TEMPLE_SPIRIT; oot; 0x08d; boss;OOT_TEMPLE_SPIRIT; areas;OOT Spirit Temple Statue; OOT Spirit Temple Boss; debug;BOSS; Twinrova;;;;;
OOT_DEKU_TREE; oot; 0x000; dungeon;OOT_KOKIRI_FOREST; areas;OOT Kokiri Forest Near Deku Tree; OOT Deku Tree; reverse; OOT_KOKIRI_FOREST_FROM_DEKU_TREE; debug;DUNGEON; Deku Tree;;;
OOT_DODONGO_CAVERN; oot; 0x004; dungeon;OOT_DEATH_MOUNTAIN_TRAIL; areas;OOT Death Mountain; OOT Dodongo Cavern; reverse; OOT_MOUNTAIN_TRAIL_FROM_DODONGO_CAVERN; debug;DUNGEON; Dodongo Cavern;;;
OOT_JABU_JABU; oot; 0x028; dungeon;OOT_ZORA_FOUNTAIN; areas;OOT Zora Fountain; OOT Jabu-Jabu; reverse; OOT_ZORA_FOUNTAIN_FROM_JABU_JABU; debug;DUNGEON; Jabu-Jabu;;;
OOT_TEMPLE_FOREST; oot; 0x169; dungeon;OOT_SACRED_MEADOW; areas;OOT Sacred Meadow Forest Platform; OOT Forest Temple; reverse; OOT_SACRED_MEADOW_FROM_TEMPLE_FOREST; debug;DUNGEON; Forest;;;
OOT_TEMPLE_FIRE; oot; 0x165; dungeon;OOT_DEATH_MOUNTAIN_CRATER; areas;OOT Death Mountain Crater Near Temple; OOT Fire Temple; reverse; OOT_DEATH_CRATER_FROM_TEMPLE_FIRE; debug;DUNGEON; Fire;;;
OOT_TEMPLE_WATER; oot; 0x010; dungeon;OOT_LAKE_HYLIA; areas;OOT Lake Hylia; OOT Water Temple; reverse; OOT_LAKE_HYLIA_FROM_TEMPLE_WATER; debug;DUNGEON; Water;;;
OOT_TEMPLE_SHADOW; oot; 0x037; dungeon;OOT_GRAVEYARD; areas;OOT Graveyard Upper; OOT Shadow Temple; reverse; OOT_GRAVEYARD_FROM_TEMPLE_SHADOW; debug;DUNGEON; Shadow;;;
OOT_TEMPLE_SPIRIT; oot; 0x082; dungeon;OOT_COLOSSUS; areas;OOT Desert Colossus; OOT Spirit Temple; reverse; OOT_DESERT_COLOSSUS_FROM_TEMPLE_SPIRIT; debug;DUNGEON; Spirit;;;
OOT_BOTTOM_OF_THE_WELL; oot; 0x098; dungeon-minor;OOT_KAKARIKO; areas;OOT Kakariko Well; OOT Bottom of the Well; reverse; OOT_KAKARIKO_FROM_BOTTOM_OF_THE_WELL; debug;DUNGEON; BotW;;;
OOT_ICE_CAVERN; oot; 0x088; dungeon-minor;OOT_ZORA_FOUNTAIN; areas;OOT Zora Fountain Frozen; OOT Ice Cavern; reverse; OOT_ZORA_FOUNTAIN_FROM_ICE_CAVERN; debug;DUNGEON; Ice;;;
OOT_GERUDO_TRAINING_GROUNDS; oot; 0x008; dungeon-minor;OOT_GERUDO_FORTRESS; areas;OOT Gerudo Fortress Exterior; OOT Gerudo Training Grounds; reverse; OOT_GERUDO_FORTRESS_FROM_GERUDO_TRAINING; debug;DUNGEON; GtG;;;
OOT_GANON_CASTLE; oot; 0x467; dungeon-ganon;OOT_HYRULE_CASTLE; areas;OOT Ganon Castle Exterior After Bridge; OOT Ganon Castle; reverse; OOT_GANON_CASTLE_EXTERIOR_FROM_CASTLE; debug;DUNGEON; Ganon Castle;;;
OOT_GANON_TOWER; oot; 0x41b; dungeon-ganon-tower;OOT_GANON_CASTLE; areas;OOT Ganon Castle Stairs; OOT Ganon Castle Tower; reverse; OOT_GANON_CASTLE_FROM_TOWER; debug;DUNGEON; Ganon Tower;;;
OOT_KOKIRI_FOREST_FROM_DEKU_TREE; oot; 0x209; dungeon-exit;OOT_DEKU_TREE; areas;OOT Deku Tree; OOT Kokiri Forest Near Deku Tree; reverse; OOT_DEKU_TREE;;;;;;
OOT_MOUNTAIN_TRAIL_FROM_DODONGO_CAVERN; oot; 0x242; dungeon-exit;OOT_DODONGO_CAVERN; areas;OOT Dodongo Cavern; OOT Death Mountain; reverse; OOT_DODONGO_CAVERN;;;;;;
OOT_ZORA_FOUNTAIN_FROM_JABU_JABU; oot; 0x221; dungeon-exit;OOT_JABU_JABU; areas;OOT Jabu-Jabu; OOT Zora Fountain; reverse; OOT_JABU_JABU;;;;;;
OOT_SACRED_MEADOW_FROM_TEMPLE_FOREST; oot; 0x215; dungeon-exit;OOT_TEMPLE_FOREST; areas;OOT Forest Temple; OOT Sacred Meadow Forest Platform; reverse; OOT_TEMPLE_FOREST;;;;;;
OOT_DEATH_CRATER_FROM_TEMPLE_FIRE; oot; 0x24a; dungeon-exit;OOT_TEMPLE_FIRE; areas;OOT Fire Temple; OOT Death Mountain Crater Near Temple; reverse; OOT_TEMPLE_FIRE;;;;;;
OOT_LAKE_HYLIA_FROM_TEMPLE_WATER; oot; 0x21d; dungeon-exit;OOT_TEMPLE_WATER; areas;OOT Water Temple; OOT Lake Hylia Near Water Temple; reverse; OOT_TEMPLE_WATER;;;;;;
OOT_GRAVEYARD_FROM_TEMPLE_SHADOW; oot; 0x205; dungeon-exit;OOT_TEMPLE_SHADOW; areas;OOT Shadow Temple; OOT Graveyard Upper; reverse; OOT_TEMPLE_SHADOW;;;;;;
OOT_DESERT_COLOSSUS_FROM_TEMPLE_SPIRIT; oot; 0x1e1; dungeon-exit;OOT_TEMPLE_SPIRIT; areas;OOT Spirit Temple; OOT Desert Colossus Spirit Exit; reverse; OOT_TEMPLE_SPIRIT;;;;;;
OOT_KAKARIKO_FROM_BOTTOM_OF_THE_WELL; oot; 0x2a6; dungeon-exit;OOT_BOTTOM_OF_THE_WELL; areas;OOT Bottom of the Well; OOT Kakariko Well; reverse; OOT_BOTTOM_OF_THE_WELL;;;;;;
OOT_ZORA_FOUNTAIN_FROM_ICE_CAVERN; oot; 0x3d4; dungeon-exit;OOT_ICE_CAVERN; areas;OOT Ice Cavern; OOT Zora Fountain Frozen; reverse; OOT_ICE_CAVERN;;;;;;
OOT_GERUDO_FORTRESS_FROM_GERUDO_TRAINING; oot; 0x3a8; dungeon-exit;OOT_GERUDO_TRAINING_GROUNDS; areas;OOT Gerudo Training Grounds; OOT Gerudo Fortress Exterior; reverse; OOT_GERUDO_TRAINING_GROUNDS;;;;;;
OOT_GANON_CASTLE_EXTERIOR_FROM_CASTLE; oot; 0x23d; dungeon-exit;OOT_GANON_CASTLE; areas;OOT Ganon Castle; OOT Ganon Castle Exterior After Bridge; reverse; OOT_GANON_CASTLE;;;;;;
OOT_GANON_CASTLE_FROM_TOWER; oot; 0x534; dungeon-exit;OOT_GANON_TOWER; areas;OOT Ganon Castle Tower; OOT Ganon Castle Stairs; reverse; OOT_GANON_TOWER;;;;;;
OOT_LOST_WOODS_BRIDGE_FROM_FIELD; oot; 0x4de; region;OOT_HYRULE_FIELD; areas;OOT Hyrule Field; OOT Lost Woods Bridge; reverse; OOT_FIELD_FROM_LOST_WOODS_BRIDGE;;;;;;
OOT_ZORA_RIVER_FROM_FIELD; oot; 0x0ea; region;OOT_HYRULE_FIELD; areas;OOT Hyrule Field; OOT Zora River Front; reverse; OOT_FIELD_FROM_ZORA_RIVER; debug;REGION; Zora River;;;
OOT_KAKARIKO_FROM_FIELD; oot; 0x0db; region;OOT_HYRULE_FIELD; areas;OOT Hyrule Field; OOT Kakariko; reverse; OOT_FIELD_FROM_KAKARIKO; debug;REGION; Kakariko;;;
OOT_LON_LON_RANCH_FROM_FIELD; oot; 0x157; region;OOT_HYRULE_FIELD; areas;OOT Hyrule Field; OOT Lon Lon Ranch; reverse; OOT_FIELD_FROM_LON_LON_RANCH; debug;REGION; Lon Lon Ranch;;;
OOT_LAKE_HYLIA_FROM_FIELD; oot; 0x102; region;OOT_HYRULE_FIELD; areas;OOT Hyrule Field; OOT Lake Hylia; reverse; OOT_FIELD_FROM_LAKE_HYLIA; debug;REGION; Lake Hylia;;;
OOT_GERUDO_FORTRESS_FROM_VALLEY; oot; 0x129; region;OOT_GERUDO_VALLEY; areas;OOT Gerudo Valley After Bridge; OOT Gerudo Fortress Exterior; reverse; OOT_VALLEY_FROM_GERUDO_FORTRESS; debug;REGION; Gerudo Fortress;;;
OOT_DEATH_MOUNTAIN_FROM_KAKARIKO; oot; 0x13d; region;OOT_KAKARIKO; areas;OOT Kakariko Trail Start; OOT Death Mountain; reverse; OOT_KAKARIKO_FROM_DEATH_MOUNTAIN; debug;REGION; Death Mountain Trail;;;
OOT_GERUDO_VALLEY_FROM_FIELD; oot; 0x117; region;OOT_HYRULE_FIELD; areas;OOT Hyrule Field; OOT Gerudo Valley; reverse; OOT_FIELD_FROM_GERUDO_VALLEY;;;;;;
OOT_MARKET_ENTRANCE_FROM_FIELD; oot; 0x276; region-extra;OOT_HYRULE_FIELD; areas;OOT Hyrule Field; OOT Market Entryway; reverse; OOT_FIELD_FROM_MARKET_ENTRANCE;;;;;;
OOT_ZORA_RIVER_FROM_LOST_WOODS; oot; 0x1dd; region-shortcut;OOT_LOST_WOODS; areas;OOT Lost Woods Zora River Shortcut; OOT Zora River Shortcut Underwater; reverse; OOT_LOST_WOODS_FROM_ZORA_RIVER;;;;;;
OOT_GORON_CITY_FROM_LOST_WOODS; oot; 0x4e2; region-shortcut;OOT_LOST_WOODS; areas;OOT Lost Woods; OOT Goron City Shortcut; reverse; OOT_LOST_WOODS_FROM_GORON_CITY;;;;;;
OOT_LAKE_HYLIA_FROM_ZORA_DOMAIN; oot; 0x560; region-shortcut;OOT_ZORA_DOMAIN; areas;OOT Zora Domain Shortcut; OOT Lake Hylia Underwater; reverse; OOT_ZORA_DOMAIN_FROM_LAKE_HYLIA;;;;;;
OOT_FIELD_FROM_LOST_WOODS_BRIDGE; oot; 0x185; region-exit;OOT_LOST_WOODS; areas;OOT Lost Woods Bridge; OOT Hyrule Field; reverse; OOT_LOST_WOODS_BRIDGE_FROM_FIELD;;;;;;
OOT_FIELD_FROM_ZORA_RIVER; oot; 0x181; region-exit;OOT_ZORA_RIVER; areas;OOT Zora River Front; OOT Hyrule Field; reverse; OOT_ZORA_RIVER_FROM_FIELD;;;;;;
OOT_FIELD_FROM_KAKARIKO; oot; 0x17d; region-exit;OOT_KAKARIKO; areas;OOT Kakariko; OOT Hyrule Field; reverse; OOT_KAKARIKO_FROM_FIELD;;;;;;
OOT_FIELD_FROM_LON_LON_RANCH; oot; 0x1f9; region-exit;OOT_LON_LON_RANCH; areas;OOT Lon Lon Ranch; OOT Hyrule Field; reverse; OOT_LON_LON_RANCH_FROM_FIELD;;;;;;
OOT_FIELD_FROM_LAKE_HYLIA; oot; 0x189; region-exit;OOT_LAKE_HYLIA; areas;OOT Lake Hylia; OOT Hyrule Field; reverse; OOT_LAKE_HYLIA_FROM_FIELD;;;;;;
OOT_FIELD_FROM_GERUDO_VALLEY; oot; 0x18d; region-exit;OOT_GERUDO_VALLEY; areas;OOT Gerudo Valley; OOT Hyrule Field; reverse; OOT_GERUDO_VALLEY_FROM_FIELD;;;;;;
OOT_VALLEY_FROM_GERUDO_FORTRESS; oot; 0x22d; region-exit;OOT_GERUDO_FORTRESS; areas;OOT Gerudo Fortress Exterior; OOT Gerudo Valley After Bridge; reverse; OOT_GERUDO_FORTRESS_FROM_VALLEY;;;;;;
OOT_KAKARIKO_FROM_DEATH_MOUNTAIN; oot; 0x191; region-exit;OOT_DEATH_MOUNTAIN_TRAIL; areas;OOT Death Mountain; OOT Kakariko Trail Start; reverse; OOT_DEATH_MOUNTAIN_FROM_KAKARIKO;;;;;;
OOT_FIELD_FROM_MARKET_ENTRANCE; oot; 0x1fd; region-exit;OOT_MARKET_ENTRANCE; areas;OOT Market Entryway; OOT Hyrule Field; reverse; OOT_MARKET_ENTRANCE_FROM_FIELD;;;;;;
OOT_LOST_WOODS_FROM_ZORA_RIVER; oot; 0x4da; region-exit;OOT_ZORA_RIVER; areas;OOT Zora River Lost Woods Shortcut; OOT Lost Woods Shortcut Underwater; reverse; OOT_ZORA_RIVER_FROM_LOST_WOODS;;;;;;
OOT_LOST_WOODS_FROM_GORON_CITY; oot; 0x4d6; region-exit;OOT_GORON_CITY; areas;OOT Goron City Shortcut; OOT Lost Woods; reverse; OOT_GORON_CITY_FROM_LOST_WOODS;;;;;;
OOT_ZORA_DOMAIN_FROM_LAKE_HYLIA; oot; 0x328; region-exit;OOT_LAKE_HYLIA; areas;OOT Lake Hylia Near Shortcut; OOT Zora Domain Underwater; reverse; OOT_LAKE_HYLIA_FROM_ZORA_DOMAIN;;;;;;
OOT_SACRED_FOREST_MEADOW; oot; 0x0fc; overworld;OOT_LOST_WOODS; areas;OOT Lost Woods Deep; OOT Sacred Meadow Entryway; reverse; OOT_LOST_WOODS_FROM_MEADOW;;;;;;
OOT_LOST_WOODS_FROM_MEADOW; oot; 0x1a9; overworld;OOT_SACRED_MEADOW; areas;OOT Sacred Meadow Entryway; OOT Lost Woods Deep; reverse; OOT_SACRED_FOREST_MEADOW;;;;;;
OOT_GORON_CITY; oot; 0x14d; overworld;OOT_DEATH_MOUNTAIN_TRAIL; areas;OOT Death Mountain; OOT Goron City; reverse; OOT_DEATH_MOUNTAIN_FROM_GORON_CITY;;;;;;
OOT_DEATH_MOUNTAIN_FROM_GORON_CITY; oot; 0x1b9; overworld;OOT_GORON_CITY; areas;OOT Goron City; OOT Death Mountain; reverse; OOT_GORON_CITY;;;;;;
OOT_ZORA_DOMAIN; oot; 0x108; overworld;OOT_ZORA_RIVER; areas;OOT Zora River Behind Falls; OOT Zora Domain; reverse; OOT_RIVER_FROM_DOMAIN;;;;;;
OOT_RIVER_FROM_DOMAIN; oot; 0x19d; overworld;OOT_ZORA_DOMAIN; areas;OOT Zora Domain; OOT Zora River Behind Falls; reverse; OOT_ZORA_DOMAIN;;;;;;
OOT_FOUNTAIN_ZORA; oot; 0x225; overworld;OOT_ZORA_DOMAIN; areas;OOT Zora Domain Back; OOT Zora Fountain; reverse; OOT_DOMAIN_FROM_FOUNTAIN;;;;;;
OOT_DOMAIN_FROM_FOUNTAIN; oot; 0x1a1; overworld;OOT_ZORA_FOUNTAIN; areas;OOT Zora Fountain; OOT Zora Domain Back; reverse; OOT_FOUNTAIN_ZORA;;;;;;
OOT_CRATER_FROM_GORON_CITY; oot; 0x246; overworld;OOT_GORON_CITY; areas;OOT Darunia Chamber; OOT Death Mountain Crater Bottom; reverse; OOT_GORON_CITY_FROM_CRATER;;;;;;
OOT_GORON_CITY_FROM_CRATER; oot; 0x1c1; overworld;OOT_DEATH_MOUNTAIN_CRATER; areas;OOT Death Mountain Crater Bottom; OOT Darunia Chamber; reverse; OOT_CRATER_FROM_GORON_CITY;;;;;;
OOT_DEATH_MOUNTAIN_CRATER; oot; 0x147; overworld;OOT_DEATH_MOUNTAIN_TRAIL; areas;OOT Death Mountain Summit; OOT Death Mountain Crater Top; reverse; OOT_TRAIL_SUMMIT_FROM_CRATER;;;;;;
OOT_TRAIL_SUMMIT_FROM_CRATER; oot; 0x1bd; overworld;OOT_DEATH_MOUNTAIN_CRATER; areas;OOT Death Mountain Crater Top; OOT Death Mountain Summit; reverse; OOT_DEATH_MOUNTAIN_CRATER;;;;;;
OOT_LOST_WOODS_FROM_KOKIRI_FOREST; oot; 0x11e; overworld;OOT_KOKIRI_FOREST; areas;OOT Kokiri Forest; OOT Lost Woods; reverse; OOT_KOKIRI_FOREST_FROM_LOST_WOODS;;;;;;
OOT_KOKIRI_FOREST_FROM_LOST_WOODS; oot; 0x286; overworld;OOT_LOST_WOODS; areas;OOT Lost Woods Lost Forest; OOT Kokiri Forest; reverse; OOT_LOST_WOODS_FROM_KOKIRI_FOREST;;;;;;
OOT_FOREST_FROM_LOST_WOODS_BRIDGE; oot; 0x20d; overworld;OOT_LOST_WOODS; areas;OOT Lost Woods Bridge; OOT Kokiri Forest; reverse; OOT_LOST_WOODS_BRIDGE_FROM_FOREST;;;;;;
OOT_LOST_WOODS_BRIDGE_FROM_FOREST; oot; 0x5e0; overworld;OOT_KOKIRI_FOREST; areas;OOT Kokiri Forest; OOT Lost Woods Bridge from Forest; reverse; OOT_FOREST_FROM_LOST_WOODS_BRIDGE;;;;;;
OOT_GRAVEYARD; oot; 0x0e4; overworld;OOT_KAKARIKO; areas;OOT Kakariko; OOT Graveyard; reverse; OOT_KAKARIKO_FROM_GRAVEYARD; debug;REGION; Kakariko Graveyard;;;
OOT_KAKARIKO_FROM_GRAVEYARD; oot; 0x195; overworld;OOT_GRAVEYARD; areas;OOT Graveyard; OOT Kakariko; reverse; OOT_GRAVEYARD;;;;;;
OOT_WASTELAND; oot; 0x130; overworld;OOT_GERUDO_FORTRESS; areas;OOT Fortress Near Wasteland; OOT Haunted Wasteland Start; reverse; OOT_FORTRESS_FROM_WASTELAND; debug;REGION; Haunted Wasteland;;;
OOT_FORTRESS_FROM_WASTELAND; oot; 0x3ac; overworld;OOT_WASTELAND; areas;OOT Haunted Wasteland Start; OOT Fortress Near Wasteland; reverse; OOT_WASTELAND;;;;;;
OOT_COLOSSUS; oot; 0x123; overworld;OOT_WASTELAND; areas;OOT Haunted Wasteland End; OOT Desert Colossus; reverse; OOT_WASTELAND_FROM_COLOSSUS; debug;REGION; Desert Colossus;;;
OOT_WASTELAND_FROM_COLOSSUS; oot; 0x365; overworld;OOT_COLOSSUS; areas;OOT Desert Colossus; OOT Haunted Wasteland End; reverse; OOT_COLOSSUS;;;;;;
OOT_MARKET_FROM_MARKET_ENTRANCE; oot; 0x0b1; overworld;OOT_MARKET; submaps;ENTRANCE; MAIN; areas;OOT Market Entryway; OOT Market; reverse; OOT_MARKET_ENTRANCE_FROM_MARKET; debug;COMMON; Market
OOT_MARKET_ENTRANCE_FROM_MARKET; oot; 0x033; overworld;OOT_MARKET; submaps;MAIN; ENTRANCE; areas;OOT Market; OOT Market Entryway; reverse; OOT_MARKET_FROM_MARKET_ENTRANCE;;;
OOT_HYRULE_CASTLE; oot; 0x138; overworld;OOT_MARKET; areas;OOT Market; OOT Market Castle Entry; reverse; OOT_MARKET_FROM_CASTLE;;;;;;
OOT_MARKET_FROM_CASTLE; oot; 0x25a; overworld;OOT_HYRULE_CASTLE; areas;OOT Market Castle Entry; OOT Market; reverse; OOT_HYRULE_CASTLE;;;;;;
OOT_MARKET_FROM_TEMPLE_OF_TIME_ENTRYWAY; oot; 0x25e; overworld;OOT_MARKET; submaps;TEMPLE; MAIN; areas;OOT Temple of Time Entryway; OOT Market; reverse; OOT_TEMPLE_OF_TIME_ENTRYWAY_FROM_MARKET;;;
OOT_TEMPLE_OF_TIME_ENTRYWAY_FROM_MARKET; oot; 0x171; overworld;OOT_MARKET; submaps;MAIN; TEMPLE; areas;OOT Market; OOT Temple of Time Entryway; reverse; OOT_MARKET_FROM_TEMPLE_OF_TIME_ENTRYWAY;;;
OOT_LAKE_HYLIA_FROM_VALLEY; oot; 0x219; one-way;;;;;;OOT Gerudo Valley Falls;;;;;;
OOT_LOST_WOODS_FROM_LOST_WOODS_NORTH; oot; 0xf01; one-way-woods;;;;;;OOT Lost Woods Lost North;;;;;;
OOT_LOST_WOODS_FROM_LOST_WOODS_EAST; oot; 0x1ad; one-way-woods;;;;;;OOT Lost Woods Lost East;;;;;;
OOT_LOST_WOODS_FROM_LOST_WOODS_SOUTH; oot; 0x1b1; one-way-woods;;;;;;OOT Lost Woods Lost South;;;;;;
OOT_LOST_WOODS_FROM_LOST_WOODS_WEST; oot; 0x4c6; one-way-woods;;;;;;OOT Lost Woods Lost West;;;;;;
OOT_HOUSE_MIDO; oot; 0x433; indoors;;;;OOT Kokiri Forest; reverse; OOT_KOKIRI_FOREST_FROM_MIDO; debug;INTERIOR; Midos House};;;
OOT_HOUSE_SARIA; oot; 0x437; indoors;;;;OOT Kokiri Forest; reverse; OOT_KOKIRI_FOREST_FROM_SARIA;;;;;;
OOT_HOUSE_TWINS; oot; 0x09c; indoors;;;;OOT Kokiri Forest; reverse; OOT_KOKIRI_FOREST_FROM_TWINS;;;;;;
OOT_HOUSE_KNOW_IT_ALL; oot; 0x0c9; indoors;;;;OOT Kokiri Forest; reverse; OOT_KOKIRI_FOREST_FROM_KNOW_IT_ALL;;;;;;
OOT_KOKIRI_SHOP; oot; 0x0c1; indoors;;;;OOT Kokiri Forest; reverse; OOT_KOKIRI_FOREST_FROM_SHOP;;;;;;
OOT_HOUSE_POTS; oot; 0x07e; indoors;;;;OOT Market Entryway; reverse; OOT_MARKET_ENTRANCE_FROM_POTS;;;;;;
OOT_LABORATORY; oot; 0x043; indoors;;;;OOT Lake Hylia; reverse; OOT_LAKE_HYLIA_FROM_LABORATORY;;;;;;
OOT_FISHING_POND; oot; 0x45f; indoors;;;;OOT Lake Hylia Near Pond; reverse; OOT_LAKE_HYLIA_FROM_FISHING_POND;;;;;;
OOT_VALLEY_TENT; oot; 0x3a0; indoors;;;;OOT Gerudo Valley After Bridge; reverse; OOT_GERUDO_VALLEY_FROM_TENT;;;;;;
OOT_HOUSE_CARPENTER; oot; 0x2fd; indoors;;;;OOT Kakariko; reverse; OOT_KAKARIKO_FROM_CARPENTER;;;;;;
OOT_HOUSE_SKULLTULA; oot; 0x550; indoors;;;;OOT Kakariko; reverse; OOT_KAKARIKO_FROM_SKULLTULA;;;;;;
OOT_HOUSE_IMPA; oot; 0x39c; indoors;OOT_KAKARIKO; areas;OOT Kakariko; OOT Impa House Front; reverse; OOT_KAKARIKO_FROM_IMPA;;;;;;
OOT_HOUSE_IMPA_BACK; oot; 0x5c8; indoors;OOT_KAKARIKO; areas;OOT Kakariko Balcony; OOT Impa House Back; reverse; OOT_KAKARIKO_FROM_IMPA_BACK;;;;;;
OOT_SHOP_GRANNY; oot; 0x072; indoors;;;;OOT Kakariko Back; reverse; OOT_KAKARIKO_FROM_GRANNY;;;;;;
OOT_HOUSE_DAMPE; oot; 0x30d; indoors;;;;OOT Graveyard; reverse; OOT_GRAVEYARD_FROM_DAMPE;;;;;;
OOT_SHOP_GORON; oot; 0x37c; indoors;;;;OOT Goron City; reverse; OOT_GORON_CITY_FROM_SHOP;;;;;;
OOT_SHOP_ZORA; oot; 0x380; indoors;;;;OOT Zora Domain; reverse; OOT_ZORA_DOMAIN_FROM_SHOP;;;;;;
OOT_HOUSE_LON_LON; oot; 0x04f; indoors;;;;OOT Lon Lon Ranch; reverse; OOT_LON_LON_RANCH_FROM_HOUSE;;;;;;
OOT_SILO; oot; 0x5d0; indoors;;;;OOT Lon Lon Ranch; reverse; OOT_LON_LON_RANCH_FROM_SILO;;;;;;
OOT_STABLES; oot; 0x2f9; indoors;;;;OOT Lon Lon Ranch; reverse; OOT_LON_LON_RANCH_FROM_STABLES;;;;;;
OOT_FAIRY_MAGIC; oot; 0x315; indoors;;;;OOT Death Mountain Summit; reverse; OOT_DEATH_MOUNTAIN_FROM_FAIRY;;;;;;
OOT_FAIRY_MAGIC2; oot; 0x4be; indoors;;;;OOT Death Mountain Crater Bottom; reverse; OOT_DEATH_CRATER_FROM_FAIRY;;;;;;
OOT_FAIRY_DIN; oot; 0x578; indoors;;;;OOT Near Fairy Fountain Din; reverse; OOT_HYRULE_CASTLE_FROM_FAIRY;;;;;;
OOT_FAIRY_FARORE; oot; 0x371; indoors;;;;OOT Zora Fountain; reverse; OOT_ZORA_FOUNTAIN_FROM_FAIRY;;;;;;
OOT_FAIRY_NAYRU; oot; 0x588; indoors;;;;OOT Desert Colossus; reverse; OOT_DESERT_COLOSSUS_FROM_FAIRY;;;;;;
OOT_FAIRY_DEFENSE; oot; 0x4c2; indoors;;;;OOT Near Fairy Fountain Defense; reverse; OOT_OUTSIDE_GANON_FROM_FAIRY;;;;;;
OOT_BOMBCHU_BOWLING; oot; 0x507; indoors;;;;OOT Market; reverse; OOT_MARKET_FROM_BOWLING;;;;;;
OOT_TREASURE_GAME; oot; 0x063; indoors;;;;OOT Market; reverse; OOT_MARKET_FROM_TREASURE_GAME;;;;;;
OOT_BOMBCHU_SHOP; oot; 0x528; indoors;;;;OOT Back Alley; reverse; OOT_MARKET_FROM_BOMBCHU_SHOP;;;;;;
OOT_ALLEY_HOUSE; oot; 0x43b; indoors;;;;OOT Back Alley; reverse; OOT_MARKET_FROM_ALLEY_HOUSE;;;;;;
OOT_MARKET_BAZAAR; oot; 0x52c; indoors;;;;OOT Market; reverse; OOT_MARKET_FROM_BAZAAR;;;;;;
OOT_MARKET_POTION; oot; 0x388; indoors;;;;OOT Market; reverse; OOT_MARKET_FROM_POTION;;;;;;
OOT_CHILD_ARCHERY; oot; 0x16d; indoors;;;;OOT Market; reverse; OOT_MARKET_FROM_ARCHERY;;;;;;
OOT_KAKARIKO_BAZAAR; oot; 0x0b7; indoors;;;;OOT Kakariko; reverse; OOT_KAKARIKO_FROM_BAZAAR;;;;;;
OOT_ADULT_ARCHERY; oot; 0x03b; indoors;;;;OOT Kakariko; reverse; OOT_KAKARIKO_FROM_ARCHERY;;;;;;
OOT_HOUSE_LINK; oot; 0x272; indoors-extra;;;;OOT Kokiri Forest; reverse; OOT_KOKIRI_FOREST_FROM_LINK;;;;;;
OOT_TEMPLE_OF_TIME; oot; 0x053; indoors-extra;OOT_MARKET; areas;OOT Temple of Time Entryway; OOT Temple of Time; reverse; OOT_TEMPLE_OF_TIME_ENTRYWAY_FROM_TEMPLE; debug;COMMON; Temple of Time;;;
OOT_WINDMILL; oot; 0x453; indoors-extra;OOT_KAKARIKO; areas;OOT Kakariko; OOT Windmill; reverse; OOT_KAKARIKO_FROM_WINDMILL;;;;;;
OOT_SHOP_POTION_KAKARIKO; oot; 0x384; indoors-extra;OOT_KAKARIKO; areas;OOT Kakariko; OOT Kakariko Potion Shop; reverse; OOT_KAKARIKO_FROM_SHOP_POTION;;;;;;
OOT_SHOP_POTION_KAKARIKO_BACK; oot; 0x3ec; indoors-extra;OOT_KAKARIKO; areas;OOT Kakariko Back; OOT Kakariko Potion Shop Back; reverse; OOT_KAKARIKO_FROM_SHOP_POTION_BACK;;;;;;
OOT_KOKIRI_FOREST_FROM_MIDO; oot; 0x443; indoors-exit;NONE; areas;OOT Mido's House; OOT Kokiri Forest; reverse; OOT_HOUSE_MIDO;;;;;;
OOT_KOKIRI_FOREST_FROM_SARIA; oot; 0x447; indoors-exit;NONE; areas;OOT Saria's House; OOT Kokiri Forest; reverse; OOT_HOUSE_SARIA;;;;;;
OOT_KOKIRI_FOREST_FROM_TWINS; oot; 0x33c; indoors-exit;NONE; areas;OOT House of Twins; OOT Kokiri Forest; reverse; OOT_HOUSE_TWINS;;;;;;
OOT_KOKIRI_FOREST_FROM_KNOW_IT_ALL; oot; 0x26a; indoors-exit;NONE; areas;OOT Know It All House; OOT Kokiri Forest; reverse; OOT_HOUSE_KNOW_IT_ALL;;;;;;
OOT_KOKIRI_FOREST_FROM_SHOP; oot; 0x266; indoors-exit;NONE; areas;OOT Kokiri Shop; OOT Kokiri Forest; reverse; OOT_KOKIRI_SHOP;;;;;;
OOT_MARKET_ENTRANCE_FROM_POTS; oot; 0x26e; indoors-exit;NONE; areas;OOT Market Pot House; OOT Market Entryway; reverse; OOT_HOUSE_POTS;;;;;;
OOT_LAKE_HYLIA_FROM_LABORATORY; oot; 0x3cc; indoors-exit;NONE; areas;OOT Laboratory; OOT Lake Hylia; reverse; OOT_LABORATORY;;;;;;
OOT_LAKE_HYLIA_FROM_FISHING_POND; oot; 0x309; indoors-exit;NONE; areas;OOT Fishing Pond; OOT Lake Hylia Near Pond; reverse; OOT_FISHING_POND;;;;;;
OOT_GERUDO_VALLEY_FROM_TENT; oot; 0x3d0; indoors-exit;NONE; areas;OOT Gerudo Valley Tent; OOT Gerudo Valley After Bridge; reverse; OOT_VALLEY_TENT;;;;;;
OOT_KAKARIKO_FROM_CARPENTER; oot; 0x349; indoors-exit;NONE; areas;OOT Kakariko Carpenter House; OOT Kakariko; reverse; OOT_HOUSE_CARPENTER;;;;;;
OOT_KAKARIKO_FROM_SKULLTULA; oot; 0x4ee; indoors-exit;NONE; areas;OOT Skulltula House; OOT Kakariko; reverse; OOT_HOUSE_SKULLTULA;;;;;;
OOT_KAKARIKO_FROM_IMPA; oot; 0x345; indoors-exit;OOT_HOUSE_IMPA; areas;OOT Impa House Front; OOT Kakariko; reverse; OOT_HOUSE_IMPA;;;;;;
OOT_KAKARIKO_FROM_IMPA_BACK; oot; 0x5dc; indoors-exit;OOT_HOUSE_IMPA; areas;OOT Impa House Back; OOT Kakariko Balcony; reverse; OOT_HOUSE_IMPA_BACK;;;;;;
OOT_KAKARIKO_FROM_GRANNY; oot; 0x34d; indoors-exit;NONE; areas;OOT Kakariko Granny Shop; OOT Kakariko Back; reverse; OOT_SHOP_GRANNY;;;;;;
OOT_GRAVEYARD_FROM_DAMPE; oot; 0x355; indoors-exit;NONE; areas;OOT Dampe House; OOT Graveyard; reverse; OOT_HOUSE_DAMPE;;;;;;
OOT_GORON_CITY_FROM_SHOP; oot; 0x3fc; indoors-exit;NONE; areas;OOT Goron Shop; OOT Goron City; reverse; OOT_SHOP_GORON;;;;;;
OOT_ZORA_DOMAIN_FROM_SHOP; oot; 0x3c4; indoors-exit;NONE; areas;OOT Zora Shop; OOT Zora Domain; reverse; OOT_SHOP_ZORA;;;;;;
OOT_LON_LON_RANCH_FROM_HOUSE; oot; 0x378; indoors-exit;NONE; areas;OOT Lon Lon Ranch House; OOT Lon Lon Ranch; reverse; OOT_HOUSE_LON_LON;;;;;;
OOT_LON_LON_RANCH_FROM_STABLES; oot; 0x42f; indoors-exit;NONE; areas;OOT Lon Lon Ranch Stables; OOT Lon Lon Ranch; reverse; OOT_STABLES;;;;;;
OOT_LON_LON_RANCH_FROM_SILO; oot; 0x5d4; indoors-exit;NONE; areas;OOT Lon Lon Ranch Silo; OOT Lon Lon Ranch; reverse; OOT_SILO;;;;;;
OOT_KOKIRI_FOREST_FROM_LINK; oot; 0x211; indoors-exit;NONE; areas;OOT Link's House; OOT Kokiri Forest; reverse; OOT_HOUSE_LINK;;;;;;
OOT_TEMPLE_OF_TIME_ENTRYWAY_FROM_TEMPLE; oot; 0x472; indoors-exit;OOT_TEMPLE_OF_TIME; areas;OOT Temple of Time; OOT Temple of Time Entryway; reverse; OOT_TEMPLE_OF_TIME;;;;;;
OOT_KAKARIKO_FROM_WINDMILL; oot; 0x351; indoors-exit;OOT_DAMPE_WINDMILL; areas;OOT Windmill; OOT Kakariko; reverse; OOT_WINDMILL;;;;;;
OOT_KAKARIKO_FROM_SHOP_POTION; oot; 0x44b; indoors-exit;OOT_KAKARIKO_POTION_SHOP; areas;OOT Kakariko Potion Shop; OOT Kakariko; reverse; OOT_SHOP_POTION_KAKARIKO;;;;;;
OOT_KAKARIKO_FROM_SHOP_POTION_BACK; oot; 0x4ff; indoors-exit;OOT_KAKARIKO_POTION_SHOP; areas;OOT Kakariko Potion Shop Back; OOT Kakariko Back; reverse; OOT_SHOP_POTION_KAKARIKO_BACK;;;;;;
OOT_DEATH_MOUNTAIN_FROM_FAIRY; oot; 0x45b; indoors-exit;NONE; areas;OOT Fairy Fountain Magic; OOT Death Mountain Summit; reverse; OOT_FAIRY_MAGIC;;;;;;
OOT_DEATH_CRATER_FROM_FAIRY; oot; 0x482; indoors-exit;NONE; areas;OOT Fairy Fountain Double Magic; OOT Death Mountain Crater Bottom; reverse; OOT_FAIRY_MAGIC2;;;;;;
OOT_HYRULE_CASTLE_FROM_FAIRY; oot; 0x340; indoors-exit;NONE; areas;OOT Fairy Fountain Din; OOT Near Fairy Fountain Din; reverse; OOT_FAIRY_DIN;;;;;;
OOT_ZORA_FOUNTAIN_FROM_FAIRY; oot; 0x394; indoors-exit;NONE; areas;OOT Fairy Fountain Farore; OOT Zora Fountain; reverse; OOT_FAIRY_FARORE;;;;;;
OOT_DESERT_COLOSSUS_FROM_FAIRY; oot; 0x57c; indoors-exit;NONE; areas;OOT Fairy Fountain Nayru; OOT Desert Colossus; reverse; OOT_FAIRY_NAYRU;;;;;;
OOT_MARKET_FROM_BOWLING; oot; 0x3bc; indoors-exit;NONE; areas;OOT Bombchu Bowling; OOT Market; reverse; OOT_BOMBCHU_BOWLING;;;;;;
OOT_MARKET_FROM_TREASURE_GAME; oot; 0x1d5; indoors-exit;NONE; areas;OOT Treasure Chest Game; OOT Market; reverse; OOT_TREASURE_GAME;;;;;;
OOT_MARKET_FROM_BOMBCHU_SHOP; oot; 0x3c0; indoors-exit;NONE; areas;OOT Market Bombchu Shop; OOT Back Alley; reverse; OOT_BOMBCHU_SHOP;;;;;;
OOT_MARKET_FROM_ALLEY_HOUSE; oot; 0x067; indoors-exit;NONE; areas;OOT Market Back Alley East Home; OOT Back Alley; reverse; OOT_ALLEY_HOUSE;;;;;;
OOT_MARKET_FROM_BAZAAR; oot; 0x3b8; indoors-exit;NONE; areas;OOT Market Bazaar; OOT Market; reverse; OOT_MARKET_BAZAAR;;;;;;
OOT_MARKET_FROM_POTION; oot; 0x2a2; indoors-exit;NONE; areas;OOT Market Potion Shop; OOT Market; reverse; OOT_MARKET_POTION;;;;;;
OOT_MARKET_FROM_ARCHERY; oot; 0x1cd; indoors-exit;NONE; areas;OOT Shooting Gallery Child; OOT Market; reverse; OOT_CHILD_ARCHERY;;;;;;
OOT_KAKARIKO_FROM_BAZAAR; oot; 0x201; indoors-exit;NONE; areas;OOT Kakariko Bazaar; OOT Kakariko; reverse; OOT_KAKARIKO_BAZAAR;;;;;;
OOT_KAKARIKO_FROM_ARCHERY; oot; 0x463; indoors-exit;NONE; areas;OOT Shooting Gallery Adult; OOT Kakariko; reverse; OOT_ADULT_ARCHERY;;;;;;
OOT_OUTSIDE_GANON_FROM_FAIRY; oot; 0xf00; indoors-exit;NONE; areas;OOT Fairy Fountain Defense; OOT Near Fairy Fountain Defense; reverse; OOT_FAIRY_DEFENSE;;;;;;
OOT_WARP_SONG_MEADOW; oot; 0x600; one-way-song;NONE; areas;OOT SONG_TP_FOREST; OOT Sacred Meadow; debug;WARP; Minuet;;;;;
OOT_WARP_SONG_CRATER; oot; 0x4f6; one-way-song;NONE; areas;OOT SONG_TP_FIRE; OOT Death Mountain Crater Warp; debug;WARP; Bolero;;;;;
OOT_WARP_SONG_LAKE; oot; 0x604; one-way-song;NONE; areas;OOT SONG_TP_WATER; OOT Lake Hylia; debug;WARP; Serenade;;;;;
OOT_WARP_SONG_GRAVE; oot; 0x568; one-way-song;NONE; areas;OOT SONG_TP_SHADOW; OOT Graveyard Upper; debug;WARP; Nocturne;;;;;
OOT_WARP_SONG_DESERT; oot; 0x1f1; one-way-song;NONE; areas;OOT SONG_TP_SPIRIT; OOT Desert Colossus; debug;WARP; Requiem;;;;;
OOT_WARP_SONG_TEMPLE; oot; 0x5f4; one-way-song;NONE; areas;OOT SONG_TP_LIGHT; OOT Temple of Time; debug;WARP; Prelude;;;;;
OOT_VILLAGE_OWL; oot; 0x554; one-way-owl;OOT_DEATH_MOUNTAIN_TRAIL; areas;OOT Death Mountain Summit; OOT Kakariko Rooftop;;;;;;;;
OOT_FIELD_OWL; oot; 0x27e; one-way-owl;OOT_LAKE_HYLIA; areas;OOT Lake Hylia; OOT Hyrule Field Drawbridge;;;;;;;;
OOT_WALLMASTER_FOREST_CORRIDOR_WEST; oot; 0xf10; wallmaster;TEMPLE_FOREST;;;;;;;OOT Forest Temple Wallmaster West;;;;
OOT_WALLMASTER_FOREST_CORRIDOR_EAST; oot; 0xf11; wallmaster;TEMPLE_FOREST;;;;;;;OOT Forest Temple Wallmaster East;;;;
OOT_WALLMASTER_SHADOW; oot; 0xf12; wallmaster;TEMPLE_SHADOW;;;;;;;OOT Shadow Temple Wallmaster;;;;
OOT_WALLMASTER_SPIRIT_CHILD_RUPEES; oot; 0xf13; wallmaster;TEMPLE_SPIRIT;;;;;;;OOT Spirit Temple Wallmaster Child Rupees;;;;
OOT_WALLMASTER_SPIRIT_ADULT_CLIMB; oot; 0xf14; wallmaster;TEMPLE_SPIRIT;;;;;;;OOT Spirit Temple Wallmaster Adult Climb;;;;
OOT_WALLMASTER_SPIRIT_CHILD_SUN; oot; 0xf15; wallmaster;TEMPLE_SPIRIT;;;;;;;OOT Spirit Temple Wallmaster Child Sun;;;;
OOT_WALLMASTER_SPIRIT_STATUE; oot; 0xf16; wallmaster;TEMPLE_SPIRIT;;;;;;;OOT Spirit Temple Wallmaster Statue;;;;
OOT_WALLMASTER_BOTW_MAIN; oot; 0xf17; wallmaster;BOTTOM_OF_THE_WELL;;;;;;;OOT Bottom of the Well Wallmaster Main;;;;
OOT_WALLMASTER_BOTW_BASEMENT; oot; 0xf18; wallmaster;BOTTOM_OF_THE_WELL;;;;;;;OOT Bottom of the Well Wallmaster Basement;;;;
OOT_WALLMASTER_BOTW_PIT; oot; 0xf19; wallmaster;BOTTOM_OF_THE_WELL;;;;;;;OOT Bottom of the Well Wallmaster Pit;;;;
OOT_WALLMASTER_GTG; oot; 0xf1a; wallmaster;GERUDO_TRAINING_GROUND;;;;;;;OOT Gerudo Training Grounds Wallmaster;;;;
OOT_WALLMASTER_GANON_SPIRIT; oot; 0xf1b; wallmaster;INSIDE_GANON_CASTLE;;;;;;;OOT Ganon Castle Spirit Wallmaster;;;;
OOT_WALLMASTER_GANON_LIGHT; oot; 0xf1c; wallmaster;INSIDE_GANON_CASTLE;;;;;;;OOT Ganon Castle Light Wallmaster;;;;
OOT_GROTTO_GENERIC_KOKIRI_FOREST; oot; 0x1000; grotto;OOT_GROTTO_KOKIRI_FOREST_STORMS;;;OOT Kokiri Forest; reverse; OOT_GROTTO_EXIT_GENERIC_KOKIRI_FOREST;  debug;OOT_GROTTO; Kokiri Forest Generic;;;
OOT_GROTTO_GENERIC_LOST_WOODS; oot; 0x1001; grotto;OOT_GROTTO_LOST_WOODS_GENERIC;;;OOT Lost Woods; reverse; OOT_GROTTO_EXIT_GENERIC_LOST_WOODS;  debug;OOT_GROTTO; Lost Woods Generic;;;
OOT_GROTTO_GENERIC_KAKARIKO; oot; 0x1002; grotto;OOT_GROTTO_KAKARIKO_OPEN;;;OOT Kakariko Back; reverse; OOT_GROTTO_EXIT_GENERIC_KAKARIKO;  debug;OOT_GROTTO; Kakariko Generic;;;
OOT_GROTTO_GENERIC_DMT; oot; 0x1003; grotto;OOT_GROTTO_DEATH_TRIAL_STORMS;;;OOT Death Mountain; reverse; OOT_GROTTO_EXIT_GENERIC_DMT;  debug;OOT_GROTTO; DMT Generic;;;
OOT_GROTTO_GENERIC_DMC; oot; 0x1004; grotto;OOT_GROTTO_DEATH_CRATER_GENERIC;;;OOT Death Mountain Crater Top; reverse; OOT_GROTTO_EXIT_GENERIC_DMC;  debug;OOT_GROTTO; DMC Generic;;;
OOT_GROTTO_GENERIC_RIVER; oot; 0x1005; grotto;OOT_GROTTO_ZORA_RIVER_GENERIC;;;OOT Zora River Upper; reverse; OOT_GROTTO_EXIT_GENERIC_RIVER;  debug;OOT_GROTTO; River Generic;;;
OOT_GROTTO_GENERIC_HF_SOUTHEAST; oot; 0x1006; grotto;OOT_GROTTO_HYRULE_SE;;;OOT Hyrule Field; reverse; OOT_GROTTO_EXIT_GENERIC_HF_SOUTHEAST;  debug;OOT_GROTTO; HF Southeast Generic;;;
OOT_GROTTO_GENERIC_HF_OPEN; oot; 0x1007; grotto;OOT_GROTTO_HYRULE_OPEN;;;OOT Hyrule Field; reverse; OOT_GROTTO_EXIT_GENERIC_HF_OPEN;  debug;OOT_GROTTO; HF Open Generic;;;
OOT_GROTTO_GENERIC_HF_MARKET; oot; 0x1008; grotto;OOT_GROTTO_HYRULE_MARKET;;;OOT Hyrule Field; reverse; OOT_GROTTO_EXIT_GENERIC_HF_MARKET;  debug;OOT_GROTTO; HF Market Generic;;;
OOT_GROTTO_FAIRY_SFM; oot; 0x1009; grotto;OOT_FAIRY_SACRED_MEADOW;;;OOT Sacred Meadow; reverse; OOT_GROTTO_EXIT_FAIRY_SFM;  debug;OOT_GROTTO; Meadow Fairy;;;
OOT_GROTTO_FAIRY_HF; oot; 0x100a; grotto;OOT_FAIRY_HYRULE;;;OOT Hyrule Field; reverse; OOT_GROTTO_EXIT_FAIRY_HF;  debug;OOT_GROTTO; Hyrule Field Fairy;;;
OOT_GROTTO_FAIRY_RIVER; oot; 0x100b; grotto;OOT_FAIRY_ZORA_RIVER;;;OOT Zora River Upper; reverse; OOT_GROTTO_EXIT_FAIRY_RIVER;  debug;OOT_GROTTO; River Fairy;;;
OOT_GROTTO_FAIRY_DOMAIN; oot; 0x100c; grotto;OOT_FAIRY_ZORA_DOMAIN;;;OOT Zora Domain; reverse; OOT_GROTTO_EXIT_FAIRY_DOMAIN;  debug;OOT_GROTTO; Domain Fairy;;;
OOT_GROTTO_FAIRY_FORTRESS; oot; 0x100d; grotto;OOT_FAIRY_GERUDO_FORTRESS;;;OOT Gerudo Fortress Exterior; reverse; OOT_GROTTO_EXIT_FAIRY_FORTRESS;  debug;OOT_GROTTO; Fortress Fairy;;;
OOT_GROTTO_SCRUBS2_SFM; oot; 0x100e; grotto;OOT_GROTTO_SACRED_MEADOW_STORMS;;;OOT Sacred Meadow; reverse; OOT_GROTTO_EXIT_SCRUBS2_SFM;  debug;OOT_GROTTO; Meadow Scrubs;;;
OOT_GROTTO_SCRUBS2_RIVER; oot; 0x100f; grotto;OOT_GROTTO_ZORA_RIVER_STORMS;;;OOT Zora River; reverse; OOT_GROTTO_EXIT_SCRUBS2_RIVER;  debug;OOT_GROTTO; River Scrubs;;;
OOT_GROTTO_SCRUBS2_VALLEY; oot; 0x1010; grotto;OOT_GROTTO_VALLEY_STORMS;;;OOT Gerudo Valley After Bridge; reverse; OOT_GROTTO_EXIT_SCRUBS2_VALLEY;  debug;OOT_GROTTO; Valley Scrubs;;;
OOT_GROTTO_SCRUBS2_COLOSSUS; oot; 0x1011; grotto;OOT_GROTTO_DESERT_SCRUBS;;;OOT Desert Colossus; reverse; OOT_GROTTO_EXIT_SCRUBS2_COLOSSUS;  debug;OOT_GROTTO; Colossus Scrubs;;;
OOT_GROTTO_SCRUBS3_RANCH; oot; 0x1012; grotto;OOT_GROTTO_LON_LON_SCRUBS;;;OOT Lon Lon Ranch; reverse; OOT_GROTTO_EXIT_SCRUBS3_RANCH;  debug;OOT_GROTTO; Ranch Scrubs;;;
OOT_GROTTO_SCRUBS3_GORON_CITY; oot; 0x1013; grotto;OOT_GROTTO_GORON_CITY_SCRUBS;;;OOT Goron City; reverse; OOT_GROTTO_EXIT_SCRUBS3_GORON_CITY;  debug;OOT_GROTTO; Goron City Scrubs;;;
OOT_GROTTO_SCRUBS3_DMC; oot; 0x1014; grotto;OOT_GROTTO_DEATH_CRATER_SCRUBS;;;OOT Death Mountain Crater Bottom; reverse; OOT_GROTTO_EXIT_SCRUBS3_DMC;  debug;OOT_GROTTO; DMC Scrubs;;;
OOT_GROTTO_SCRUBS3_LAKE; oot; 0x1015; grotto;OOT_GROTTO_LAKE_HYLIA_SCRUBS;;;OOT Lake Hylia; reverse; OOT_GROTTO_EXIT_SCRUBS3_LAKE;  debug;OOT_GROTTO; Lake Scrubs;;;
OOT_GROTTO_SCRUB_UPGRADE; oot; 0x5b0; grotto;OOT_GROTTO_LOST_WOODS_SCRUB_UPGRADE;;;OOT Lost Woods Deep; reverse; OOT_GROTTO_EXIT_SCRUB_UPGRADE;  debug;OOT_GROTTO; Scrub Upgrade;;;
OOT_GROTTO_SCRUB_HEART_PIECE; oot; 0x59c; grotto;OOT_GROTTO_HYRULE_SCRUBS;;;OOT Hyrule Field; reverse; OOT_GROTTO_EXIT_SCRUB_HEART_PIECE;  debug;OOT_GROTTO; Scrub Heart Piece;;;
OOT_GROTTO_DEKU_THEATER; oot; 0x5c4; grotto;OOT_GROTTO_LOST_WOODS_THEATER;;;OOT Lost Woods Deep; reverse; OOT_GROTTO_EXIT_DEKU_THEATER;  debug;OOT_GROTTO; Deku Theater;;;
OOT_GROTTO_WOLFOS; oot; 0x5b4; grotto;OOT_GROTTO_SACRED_MEADOW_WOLFOS;;;OOT Sacred Meadow Entryway; reverse; OOT_GROTTO_EXIT_WOLFOS;  debug;OOT_GROTTO; Wolfos;;;
OOT_GROTTO_TEKTITE; oot; 0x5c0; grotto;OOT_GROTTO_HYRULE_TEKTITE;;;OOT Hyrule Field; reverse; OOT_GROTTO_EXIT_TEKTITE;  debug;OOT_GROTTO; Tektite;;;
OOT_GROTTO_FIELD_COW; oot; 0x5a8; grotto;OOT_GROTTO_HYRULE_GERUDO;;;OOT Hyrule Field; reverse; OOT_GROTTO_EXIT_FIELD_COW;  debug;OOT_GROTTO; Field Cow;;;
OOT_GROTTO_FIELD_TREE; oot; 0x598; grotto;OOT_GROTTO_HYRULE_KAKARIKO;;;OOT Hyrule Field; reverse; OOT_GROTTO_EXIT_FIELD_TREE;  debug;OOT_GROTTO; Field Tree;;;
OOT_GROTTO_TRAIL_COW; oot; 0x5fc; grotto;OOT_GROTTO_DEATH_TRIAL_COW;;;OOT Death Mountain; reverse; OOT_GROTTO_EXIT_TRAIL_COW;  debug;OOT_GROTTO; Trail Cow;;;
OOT_GROTTO_CASTLE; oot; 0x5b8; grotto;OOT_GROTTO_CASTLE_STORMS;;;OOT Hyrule Castle Near Grotto; reverse; OOT_GROTTO_EXIT_CASTLE;  debug;OOT_GROTTO; Castle;;;
OOT_GROTTO_REDEAD; oot; 0x5a0; grotto;OOT_GROTTO_KAKARIKO_REDEAD;;;OOT Kakariko; reverse; OOT_GROTTO_EXIT_REDEAD;  debug;OOT_GROTTO; Redead;;;
OOT_GROTTO_OCTOROK; oot; 0x5ac; grotto;OOT_GROTTO_VALLEY_OCTOROK;;;OOT Octorok Grotto Ledge; reverse; OOT_GROTTO_EXIT_OCTOROK;  debug;OOT_GROTTO; Octorok;;;
OOT_GRAVE_SHIELD; oot; 0x04b; grave;TOMB_REDEAD;;;OOT Graveyard; reverse; OOT_GRAVE_EXIT_SHIELD; debug;OOT_GROTTO; Shield Grave;;;
OOT_GRAVE_REDEAD; oot; 0x31c; grave;TOMB_FAIRY;;;OOT Graveyard; reverse; OOT_GRAVE_EXIT_REDEAD; debug;OOT_GROTTO; ReDead Grave;;;
OOT_GRAVE_ROYAL; oot; 0x02d; grave;TOMB_ROYAL;;;OOT Graveyard; reverse; OOT_GRAVE_EXIT_ROYAL; debug;OOT_GROTTO; Royal Grave;;;
OOT_GRAVE_DAMPE; oot; 0x44f; grave;OOT_GRAVEYARD; areas;OOT Graveyard; OOT Dampe Grave; reverse; OOT_GRAVE_EXIT_DAMPE; debug;OOT_GROTTO; Dampe Grave;;;
OOT_GROTTO_EXIT_GENERIC_KOKIRI_FOREST; oot; 0x1100; grotto-exit;NONE; areas;OOT Kokiri Forest Storms Grotto; OOT Kokiri Forest; reverse; OOT_GROTTO_GENERIC_KOKIRI_FOREST;;;;;;
OOT_GROTTO_EXIT_GENERIC_LOST_WOODS; oot; 0x1101; grotto-exit;NONE; areas;OOT Lost Woods Generic Grotto; OOT Lost Woods; reverse; OOT_GROTTO_GENERIC_LOST_WOODS;;;;;;
OOT_GROTTO_EXIT_GENERIC_KAKARIKO; oot; 0x1102; grotto-exit;NONE; areas;OOT Kakariko Generic Grotto; OOT Kakariko Back; reverse; OOT_GROTTO_GENERIC_KAKARIKO;;;;;;
OOT_GROTTO_EXIT_GENERIC_DMT; oot; 0x1103; grotto-exit;NONE; areas;OOT Death Mountain Storms Grotto; OOT Death Mountain; reverse; OOT_GROTTO_GENERIC_DMT;;;;;;
OOT_GROTTO_EXIT_GENERIC_DMC; oot; 0x1104; grotto-exit;NONE; areas;OOT Death Mountain Crater Generic Grotto; OOT Death Mountain Crater Top; reverse; OOT_GROTTO_GENERIC_DMC;;;;;;
OOT_GROTTO_EXIT_GENERIC_RIVER; oot; 0x1105; grotto-exit;NONE; areas;OOT Zora River Open Grotto; OOT Zora River Upper; reverse; OOT_GROTTO_GENERIC_RIVER;;;;;;
OOT_GROTTO_EXIT_GENERIC_HF_SOUTHEAST; oot; 0x1106; grotto-exit;NONE; areas;OOT Hyrule Field Southeast Grotto; OOT Hyrule Field; reverse; OOT_GROTTO_GENERIC_HF_SOUTHEAST;;;;;;
OOT_GROTTO_EXIT_GENERIC_HF_OPEN; oot; 0x1107; grotto-exit;NONE; areas;OOT Hyrule Field Open Grotto; OOT Hyrule Field; reverse; OOT_GROTTO_GENERIC_HF_OPEN;;;;;;
OOT_GROTTO_EXIT_GENERIC_HF_MARKET; oot; 0x1108; grotto-exit;NONE; areas;OOT Hyrule Field Grotto Near Market; OOT Hyrule Field; reverse; OOT_GROTTO_GENERIC_HF_MARKET;;;;;;
OOT_GROTTO_EXIT_FAIRY_SFM; oot; 0x1109; grotto-exit;NONE; areas;OOT Sacred Meadow Fairy Grotto; OOT Sacred Meadow; reverse; OOT_GROTTO_FAIRY_SFM;;;;;;
OOT_GROTTO_EXIT_FAIRY_HF; oot; 0x110a; grotto-exit;NONE; areas;OOT Hyrule Field Fairy Grotto; OOT Hyrule Field; reverse; OOT_GROTTO_FAIRY_HF;;;;;;
OOT_GROTTO_EXIT_FAIRY_RIVER; oot; 0x110b; grotto-exit;NONE; areas;OOT Zora River Boulder Grotto; OOT Zora River Upper; reverse; OOT_GROTTO_FAIRY_RIVER;;;;;;
OOT_GROTTO_EXIT_FAIRY_DOMAIN; oot; 0x110c; grotto-exit;NONE; areas;OOT Zora Domain Grotto; OOT Zora Domain; reverse; OOT_GROTTO_FAIRY_DOMAIN;;;;;;
OOT_GROTTO_EXIT_FAIRY_FORTRESS; oot; 0x110d; grotto-exit;NONE; areas;OOT Gerudo Fortress Grotto; OOT Gerudo Fortress Exterior; reverse; OOT_GROTTO_FAIRY_FORTRESS;;;;;;
OOT_GROTTO_EXIT_SCRUBS2_SFM; oot; 0x110e; grotto-exit;NONE; areas;OOT Sacred Meadow Storms Grotto; OOT Sacred Meadow; reverse; OOT_GROTTO_SCRUBS2_SFM;;;;;;
OOT_GROTTO_EXIT_SCRUBS2_RIVER; oot; 0x110f; grotto-exit;NONE; areas;OOT Zora River Storms Grotto; OOT Zora River; reverse; OOT_GROTTO_SCRUBS2_RIVER;;;;;;
OOT_GROTTO_EXIT_SCRUBS2_VALLEY; oot; 0x1110; grotto-exit;NONE; areas;OOT Gerudo Valley Storms Grotto; OOT Gerudo Valley After Bridge; reverse; OOT_GROTTO_SCRUBS2_VALLEY;;;;;;
OOT_GROTTO_EXIT_SCRUBS2_COLOSSUS; oot; 0x1111; grotto-exit;NONE; areas;OOT Desert Colossus Grotto; OOT Desert Colossus; reverse; OOT_GROTTO_SCRUBS2_COLOSSUS;;;;;;
OOT_GROTTO_EXIT_SCRUBS3_RANCH; oot; 0x1112; grotto-exit;NONE; areas;OOT Lon Lon Ranch Grotto; OOT Lon Lon Ranch; reverse; OOT_GROTTO_SCRUBS3_RANCH;;;;;;
OOT_GROTTO_EXIT_SCRUBS3_GORON_CITY; oot; 0x1113; grotto-exit;NONE; areas;OOT Goron City Grotto; OOT Goron City; reverse; OOT_GROTTO_SCRUBS3_GORON_CITY;;;;;;
OOT_GROTTO_EXIT_SCRUBS3_DMC; oot; 0x1114; grotto-exit;NONE; areas;OOT Death Mountain Crater Scrub Grotto; OOT Death Mountain Crater Bottom; reverse; OOT_GROTTO_SCRUBS3_DMC;;;;;;
OOT_GROTTO_EXIT_SCRUBS3_LAKE; oot; 0x1115; grotto-exit;NONE; areas;OOT Lake Hylia Grotto; OOT Lake Hylia; reverse; OOT_GROTTO_SCRUBS3_LAKE;;;;;;
OOT_GROTTO_EXIT_SCRUB_UPGRADE; oot; 0x1116; grotto-exit;NONE; areas;OOT Lost Woods Scrub Grotto; OOT Lost Woods Deep; reverse; OOT_GROTTO_SCRUB_UPGRADE;;;;;;
OOT_GROTTO_EXIT_SCRUB_HEART_PIECE; oot; 0x1117; grotto-exit;NONE; areas;OOT Hyrule Field Scrub Grotto; OOT Hyrule Field; reverse; OOT_GROTTO_SCRUB_HEART_PIECE;;;;;;
OOT_GROTTO_EXIT_DEKU_THEATER; oot; 0x1118; grotto-exit;NONE; areas;OOT Deku Theater; OOT Lost Woods Deep; reverse; OOT_GROTTO_DEKU_THEATER;;;;;;
OOT_GROTTO_EXIT_WOLFOS; oot; 0x1119; grotto-exit;NONE; areas;OOT Wolfos Grotto; OOT Sacred Meadow Entryway; reverse; OOT_GROTTO_WOLFOS;;;;;;
OOT_GROTTO_EXIT_TEKTITE; oot; 0x111a; grotto-exit;NONE; areas;OOT Hyrule Field Tektite Grotto; OOT Hyrule Field; reverse; OOT_GROTTO_TEKTITE;;;;;;
OOT_GROTTO_EXIT_FIELD_COW; oot; 0x111b; grotto-exit;NONE; areas;OOT Hyrule Field Grotto Near GV; OOT Hyrule Field; reverse; OOT_GROTTO_FIELD_COW;;;;;;
OOT_GROTTO_EXIT_FIELD_TREE; oot; 0x111c; grotto-exit;NONE; areas;OOT Hyrule Field Grotto Near Kak; OOT Hyrule Field; reverse; OOT_GROTTO_FIELD_TREE;;;;;;
OOT_GROTTO_EXIT_TRAIL_COW; oot; 0x111d; grotto-exit;NONE; areas;OOT Death Mountain Cow Grotto; OOT Death Mountain; reverse; OOT_GROTTO_TRAIL_COW;;;;;;
OOT_GROTTO_EXIT_CASTLE; oot; 0x111e; grotto-exit;NONE; areas;OOT Hyrule Castle Grotto; OOT Hyrule Castle Near Grotto; reverse; OOT_GROTTO_CASTLE;;;;;;
OOT_GROTTO_EXIT_REDEAD; oot; 0x111f; grotto-exit;NONE; areas;OOT ReDead Grotto; OOT Kakariko; reverse; OOT_GROTTO_REDEAD;;;;;;
OOT_GROTTO_EXIT_OCTOROK; oot; 0x1120; grotto-exit;NONE; areas;OOT Octorok Grotto; OOT Octorok Grotto Ledge; reverse; OOT_GROTTO_OCTOROK;;;;;;
OOT_GRAVE_EXIT_SHIELD; oot; 0x35d; grave-exit;NONE; areas;OOT Graveyard Shield Grave; OOT Graveyard; reverse; OOT_GRAVE_SHIELD;;;;;;
OOT_GRAVE_EXIT_REDEAD; oot; 0x361; grave-exit;OOT_GRAVEYARD; areas;OOT Graveyard ReDead Grave; OOT Graveyard; reverse; OOT_GRAVE_REDEAD;;;;;;
OOT_GRAVE_EXIT_ROYAL; oot; 0x50b; grave-exit;NONE; areas;OOT Graveyard Royal Tomb; OOT Graveyard; reverse; OOT_GRAVE_ROYAL;;;;;;
OOT_GRAVE_EXIT_DAMPE; oot; 0x359; grave-exit;OOT_DAMPE_WINDMILL; areas;OOT Dampe Grave Entrance; OOT Graveyard; reverse; OOT_GRAVE_DAMPE;;;;;;
OOT_BOSS_GANON2; oot; 0x517; none;BOSS;;;;;;;;;;;
OOT_GERUDO_FORTRESS_CAUGHT_NO_HOOK; oot; 0x1a5; none;;;;;;;;;;;;
OOT_GERUDO_FORTRESS_CAUGHT; oot; 0x5f8; none;;;;;;;;;;;;
OOT_CASTLE_STEALTH; oot; 0x07a; none;;;;;;;;;;;;
OOT_CASTLE_STEALTH_FROM_COURTYARD; oot; 0x296; none;;;;;;;;;;;;
OOT_CASTLE_COURTYARD; oot; 0x400; none;SPECIAL;;;;;;;;;;;
OOT_CASTLE_CAUGHT; oot; 0x47e; none;;;;;;;;;;;;
OOT_MARKET_FROM_MASK_SHOP; oot; 0x1d1; indoors-link;NONE; areas;OOT Market Mask Shop; OOT Market; reverse; OOT_SHOP_MASKS;;;;;;
OOT_SHOP_MASKS; oot; 0x530; none;OOT_MARKET; areas;OOT Market; OOT Market Mask Shop; reverse; OOT_MARKET_FROM_MASK_SHOP;;;;;;
OOT_SAGES_CHAMBER_END; oot; 0x06b; none;;;;;;;;;;;;
OOT_TEMPLE_OF_TIME_MASTER_SWORD_CS; oot; 0x2ca; none;;;;;;;;;;;;
OOT_ZORA_RIVER_FROM_FIELD_WATER; oot; 0x1d9; none;;;;;;;;;;;;
OOT_FIELD_FROM_ZORA_RIVER_WATER; oot; 0x311; none;;;;;;;;;;;;
OOT_GROTTO_TYPE_GENERIC; oot; 0x03f; none # Multiple uses;;;;;;;;;;;;
OOT_GROTTO_TYPE_FAIRY; oot; 0x36d; none # Multiple uses;;;;;;;;;;;;
OOT_GROTTO_TYPE_SCRUB2; oot; 0x5bc; none # Multiple uses;;;;;;;;;;;;
OOT_GROTTO_TYPE_SCRUB3; oot; 0x5a4; none # Multiple uses;;;;;;;;;;;;
OOT_SHADOW_TEMPLE_FROM_LAIR; oot; 0x2b2; none;EXTRA;;;;;;;;;;;
OOT_INTERNAL_EXIT_GROTTO; oot; 0x7fff; none;;;;;;;;;;;;
MM_BOSS_TEMPLE_WOODFALL; mm; 0x3800; boss;MM_TEMPLE_WOODFALL; flags;no-sot; no-global; areas;MM Woodfall Temple Boss Access; MM Woodfall Temple Boss; debug;BOSS; Odolwa;;
MM_BOSS_TEMPLE_SNOWHEAD; mm; 0x8200; boss;MM_TEMPLE_SNOWHEAD; flags;no-sot; no-global; areas;MM Snowhead Temple Boss Access; MM Snowhead Temple Boss; debug;BOSS; Goht;;
MM_BOSS_TEMPLE_GREAT_BAY; mm; 0xb800; boss;MM_TEMPLE_GREAT_BAY; flags;no-sot; no-global; areas;MM Great Bay Temple Boss Access; MM Great Bay Temple Boss; debug;BOSS; Gyorg;;
MM_BOSS_TEMPLE_STONE_TOWER; mm; 0x6600; boss;MM_TEMPLE_STONE_TOWER_INVERTED; flags;no-sot; no-global; areas;MM Stone Tower Temple Boss Access; MM Stone Tower Temple Boss; debug;BOSS; Twinmold;;
MM_TEMPLE_WOODFALL; mm; 0x3000; dungeon;no-sot; maps;MM_WOODFALL; MM_TEMPLE_WOODFALL; areas;MM Woodfall Front of Temple; MM Woodfall Temple; reverse; MM_WOODFALL_FROM_TEMPLE; debug;DUNGEON; WFT
MM_TEMPLE_SNOWHEAD; mm; 0x3c00; dungeon;no-sot; maps;MM_SNOWHEAD; MM_TEMPLE_SNOWHEAD; areas;MM Snowhead; MM Snowhead Temple; reverse; MM_SNOWHEAD_FROM_TEMPLE; debug;DUNGEON; SHT
MM_TEMPLE_GREAT_BAY; mm; 0x8c00; dungeon;no-sot; maps;MM_ZORA_CAPE; MM_TEMPLE_GREAT_BAY; areas;MM Zora Cape Peninsula; MM Great Bay Temple; reverse; MM_GREAT_BAY_FROM_TEMPLE; debug;DUNGEON; GBT
MM_TEMPLE_STONE_TOWER_INVERTED; mm; 0x2a00; dungeon;no-sot; maps;MM_STONE_TOWER_INVERTED; MM_TEMPLE_STONE_TOWER_INVERTED; areas;MM Stone Tower Top Inverted; MM Stone Tower Temple Inverted; reverse; MM_STONE_TOWER_INVERTED_FROM_TEMPLE; debug;DUNGEON; ISTT
MM_TEMPLE_STONE_TOWER; mm; 0x2600; dungeon;no-sot; maps;MM_STONE_TOWER; MM_TEMPLE_STONE_TOWER; areas;MM Stone Tower Front of Temple; MM Stone Tower Temple; reverse; MM_STONE_TOWER_FROM_TEMPLE; debug;DUNGEON; STT
MM_SPIDER_HOUSE_SWAMP; mm; 0x4800; dungeon-sh;no-sot;MM_SWAMP; MM_SPIDER_HOUSE_SWAMP; areas;MM Near Swamp Spider House; MM Swamp Spider House; reverse; MM_SWAMP_FROM_SPIDER_HOUSE; debug;DUNGEON; SSH;
MM_SPIDER_HOUSE_OCEAN; mm; 0x4a00; dungeon-sh;no-sot;MM_GREAT_BAY_COAST; MM_SPIDER_HOUSE_OCEAN; areas;MM Great Bay Coast; MM Ocean Spider House; reverse; MM_GREAT_BAY_FROM_SPIDER_HOUSE; debug;DUNGEON; OSH;
MM_BENEATH_THE_WELL; mm; 0x9000; dungeon-btw;no-sot;MM_IKANA_VALLEY; MM_BENEATH_THE_WELL; areas;MM Ikana Canyon; MM Beneath The Well Entrance; reverse; MM_IKANA_CANYON_FROM_WELL; debug;DUNGEON; BtW (F);
MM_BENEATH_THE_WELL_BACK; mm; 0x9010; dungeon-btw;no-sot;MM_IKANA_CASTLE; MM_BENEATH_THE_WELL; areas;MM Ikana Castle Exterior; MM Beneath The Well End; reverse; MM_IKANA_CASTLE_EXTERIOR_FROM_WELL; debug;DUNGEON; BtW (B);
MM_IKANA_CASTLE; mm; 0x3430; dungeon-acoi;no-sot;MM_IKANA_CASTLE; MM_IKANA_CASTLE_INTERIOR; areas;MM Ikana Castle Exterior; MM Ancient Castle of Ikana; reverse; MM_IKANA_CASTLE_EXTERIOR_FROM_CASTLE; debug;DUNGEON; ACoI;
MM_SECRET_SHRINE; mm; 0xba00; dungeon-ss;no-sot;MM_IKANA_VALLEY; MM_SECRET_SHRINE; areas;MM Ikana Valley Near Secret Shrine; MM Secret Shrine; reverse; MM_IKANA_VALLEY_FROM_SHRINE; debug;DUNGEON; SS;
MM_PIRATE_FORTRESS; mm; 0x7000; dungeon-pf;no-sot;MM_GREAT_BAY_COAST; MM_PIRATE_ENTRANCE; areas;MM Great Bay Coast Fortress; MM Pirate Fortress; reverse; MM_GREAT_BAY_FROM_PIRATE_FORTRESS; debug;DUNGEON; PFE;
MM_CLOCK_TOWER_ROOF; mm; 0x2c00; dungeon-ctr;no-sot; maps;MM_CLOCK_TOWN; MM_CLOCK_TOWER_ROOF; areas;MM Clock Tower Platform; MM Clock Tower Roof; reverse; MM_CLOCK_TOWN_FROM_CLOCK_TOWER_ROOF;;;
MM_WOODFALL_FROM_TEMPLE; mm; 0x8610; dungeon-exit;MM_TEMPLE_WOODFALL; areas;MM Woodfall Temple; MM Woodfall Front of Temple; reverse; MM_TEMPLE_WOODFALL;;;;;;
MM_SNOWHEAD_FROM_TEMPLE; mm; 0xb210; dungeon-exit;MM_TEMPLE_SNOWHEAD; areas;MM Snowhead Temple; MM Snowhead; reverse; MM_TEMPLE_SNOWHEAD;;;;;;
MM_GREAT_BAY_FROM_TEMPLE; mm; 0x6a70; dungeon-exit;MM_TEMPLE_GREAT_BAY; areas;MM Great Bay Temple; MM Zora Cape Peninsula; reverse; MM_TEMPLE_GREAT_BAY;;;;;;
MM_STONE_TOWER_INVERTED_FROM_TEMPLE; mm; 0xac10; dungeon-exit;MM_TEMPLE_STONE_TOWER_INVERTED; areas;MM Stone Tower Temple Inverted; MM Stone Tower Top Inverted; reverse; MM_TEMPLE_STONE_TOWER_INVERTED;;;;;;
MM_STONE_TOWER_FROM_TEMPLE; mm; 0xaa20; dungeon-exit;MM_TEMPLE_STONE_TOWER; areas;MM Stone Tower Temple; MM Stone Tower Front of Temple; reverse; MM_TEMPLE_STONE_TOWER;;;;;;
MM_SWAMP_FROM_SPIDER_HOUSE; mm; 0x8480; dungeon-exit;MM_SPIDER_HOUSE_SWAMP; areas;MM Swamp Spider House; MM Near Swamp Spider House; reverse; MM_SPIDER_HOUSE_SWAMP;;;;;;
MM_GREAT_BAY_FROM_SPIDER_HOUSE; mm; 0x6880; dungeon-exit;MM_SPIDER_HOUSE_OCEAN; areas;MM Ocean Spider House; MM Great Bay Coast; reverse; MM_SPIDER_HOUSE_OCEAN;;;;;;
MM_IKANA_CANYON_FROM_WELL; mm; 0x2050; dungeon-exit;MM_BENEATH_THE_WELL; areas;MM Beneath The Well Entrance; MM Ikana Canyon; reverse; MM_BENEATH_THE_WELL;;;;;;
MM_IKANA_CASTLE_EXTERIOR_FROM_WELL; mm; 0x3400; dungeon-exit;MM_BENEATH_THE_WELL; areas;MM Beneath The Well End; MM Ikana Castle Exterior; reverse; MM_BENEATH_THE_WELL_BACK;;;;;;
MM_IKANA_CASTLE_EXTERIOR_FROM_CASTLE; mm; 0x3420; dungeon-exit;MM_IKANA_CASTLE_INTERIOR; areas;MM Ancient Castle of Ikana; MM Ikana Castle Exterior; reverse; MM_IKANA_CASTLE;;;;;;
MM_IKANA_VALLEY_FROM_SHRINE; mm; 0x20c0; dungeon-exit;MM_SECRET_SHRINE; areas;MM Secret Shrine; MM Ikana Valley Near Secret Shrine; reverse; MM_SECRET_SHRINE;;;;;;
MM_GREAT_BAY_FROM_PIRATE_FORTRESS; mm; 0x6850; dungeon-exit;no-global;MM_PIRATE_ENTRANCE; MM_GREAT_BAY_COAST; areas;MM Pirate Fortress; MM Great Bay Coast Fortress; reverse; MM_PIRATE_FORTRESS;;;;
MM_CLOCK_TOWN_FROM_CLOCK_TOWER_ROOF; mm; 0xd880; dungeon-exit;MM_CLOCK_TOWER_ROOF; areas;MM Clock Tower Roof; MM Clock Tower Platform; reverse; MM_CLOCK_TOWER_ROOF;;;;;;
MM_SWAMP_FROM_ROAD; mm; 0x8400; region;MM_ROAD_SWAMP; areas;MM Road to Southern Swamp; MM Swamp Front; reverse; MM_SWAMP_ROAD_FROM_SWAMP;;;;;;
MM_MOUNTAIN_VILLAGE_FROM_PATH; mm; 0x9a60; region;MM_ROAD_MOUNTAIN_VILLAGE; areas;MM Mountain Village Path Upper; MM Mountain Village; reverse; MM_PATH_FROM_MOUNTAIN_VILLAGE;;;;;;
MM_GREAT_BAY_COAST_FROM_FIELD; mm; 0x6800; region;MM_TERMINA_FIELD; areas;MM Great Bay Fence; MM Great Bay Coast; reverse; MM_TERMINA_FIELD_FROM_GREAT_BAY_COAST;;;;;;
MM_IKANA_VALLEY_FROM_ROAD; mm; 0x2000; region;MM_ROAD_IKANA; areas;MM Road to Ikana Top; MM Ikana Valley; reverse; MM_IKANA_ROAD_FROM_VALLEY;;;;;;
MM_ROMANI_RANCH_FROM_MILK_ROAD; mm; 0x6400; region;MM_MILK_ROAD; areas;MM Near Romani Ranch; MM Romani Ranch; reverse; MM_MILK_ROAD_FROM_ROMANI_RANCH; debug;REGION; Romani Ranch;;;
MM_SWAMP_ROAD_FROM_SWAMP; mm; 0x7a10; region-exit;MM_SWAMP; areas;MM Swamp Front; MM Road to Southern Swamp; reverse; MM_SWAMP_FROM_ROAD;;;;;;
MM_PATH_FROM_MOUNTAIN_VILLAGE; mm; 0x3210; region-exit;MM_MOUNTAIN_VILLAGE; areas;MM Mountain Village; MM Mountain Village Path Upper; reverse; MM_MOUNTAIN_VILLAGE_FROM_PATH;;;;;;
MM_TERMINA_FIELD_FROM_GREAT_BAY_COAST; mm; 0x5420; region-exit;MM_GREAT_BAY_COAST; areas;MM Great Bay Coast; MM Great Bay Fence; reverse; MM_GREAT_BAY_COAST_FROM_FIELD;;;;;;
MM_IKANA_ROAD_FROM_VALLEY; mm; 0xa010; region-exit;MM_IKANA_VALLEY; areas;MM Ikana Valley; MM Road to Ikana Top; reverse; MM_IKANA_VALLEY_FROM_ROAD;;;;;;
MM_MILK_ROAD_FROM_ROMANI_RANCH; mm; 0x3e10; region-exit;MM_ROMANI_RANCH; areas;MM Romani Ranch; MM Near Romani Ranch; reverse; MM_ROMANI_RANCH_FROM_MILK_ROAD;;;;;;
MM_CLOCK_TOWN_WEST_FROM_SOUTH_BOTTOM; mm; 0xd410; overworld;CLOCK_TOWN_WEST; areas;MM Clock Town South Lower West; MM Clock Town West; reverse; MM_CLOCK_TOWN_SOUTH_BOTTOM_FROM_WEST;;;;;;
MM_CLOCK_TOWN_SOUTH_BOTTOM_FROM_WEST; mm; 0xd850; overworld;CLOCK_TOWN_SOUTH; areas;MM Clock Town West; MM Clock Town South Lower West; reverse; MM_CLOCK_TOWN_WEST_FROM_SOUTH_BOTTOM;;;;;;
MM_CLOCK_TOWN_EAST_FROM_SOUTH_BOTTOM; mm; 0xd210; overworld;CLOCK_TOWN_EAST; areas;MM Clock Town South Lower East; MM Clock Town East; reverse; MM_CLOCK_TOWN_SOUTH_BOTTOM_FROM_EAST;;;;;;
MM_CLOCK_TOWN_SOUTH_BOTTOM_FROM_EAST; mm; 0xd870; overworld;CLOCK_TOWN_SOUTH; areas;MM Clock Town East Main; MM Clock Town South Lower East; reverse; MM_CLOCK_TOWN_EAST_FROM_SOUTH_BOTTOM;;;;;;
MM_CLOCK_TOWN_NORTH_FROM_EAST; mm; 0xd610; overworld;CLOCK_TOWN_NORTH; areas;MM Clock Town East Main; MM Clock Town North; reverse; MM_CLOCK_TOWN_EAST_FROM_NORTH;;;;;;
MM_CLOCK_TOWN_EAST_FROM_NORTH; mm; 0xd250; overworld;CLOCK_TOWN_EAST; areas;MM Clock Town North; MM Clock Town East; reverse; MM_CLOCK_TOWN_NORTH_FROM_EAST;;;;;;
MM_CLOCK_TOWN_NORTH_FROM_SOUTH; mm; 0xd620; overworld;CLOCK_TOWN_NORTH; areas;MM Clock Town South; MM Clock Town North; reverse; MM_CLOCK_TOWN_SOUTH_FROM_NORTH;;;;;;
MM_CLOCK_TOWN_SOUTH_FROM_NORTH; mm; 0xd840; overworld;CLOCK_TOWN_SOUTH; areas;MM Clock Town North; MM Clock Town South; reverse; MM_CLOCK_TOWN_NORTH_FROM_SOUTH;;;;;;
MM_CLOCK_TOWN_EAST_FROM_SOUTH_TOP; mm; 0xd230; overworld;CLOCK_TOWN_EAST; areas;MM Clock Town South Upper East; MM Clock Town East; reverse; MM_CLOCK_TOWN_SOUTH_TOP_FROM_EAST;;;;;;
MM_CLOCK_TOWN_SOUTH_TOP_FROM_EAST; mm; 0xd820; overworld;CLOCK_TOWN_SOUTH; areas;MM Clock Town East Main; MM Clock Town South Upper East; reverse; MM_CLOCK_TOWN_EAST_FROM_SOUTH_TOP;;;;;;
MM_CLOCK_TOWN_WEST_FROM_SOUTH_TOP; mm; 0xd420; overworld;CLOCK_TOWN_WEST; areas;MM Clock Town South Upper West; MM Clock Town West; reverse; MM_CLOCK_TOWN_SOUTH_TOP_FROM_WEST;;;;;;
MM_CLOCK_TOWN_SOUTH_TOP_FROM_WEST; mm; 0xd830; overworld;CLOCK_TOWN_SOUTH; areas;MM Clock Town West; MM Clock Town South Upper West; reverse; MM_CLOCK_TOWN_WEST_FROM_SOUTH_TOP;;;;;;
MM_CLOCK_TOWN_WEST_FROM_FIELD; mm; 0xd400; overworld;MM_TERMINA_FIELD; areas;MM Termina Field; MM Clock Town West; reverse; MM_TERMINA_FIELD_FROM_CLOCK_TOWN_WEST;;;;;;
MM_CLOCK_TOWN_SOUTH_FROM_FIELD; mm; 0xd810; overworld;MM_TERMINA_FIELD; areas;MM Termina Field; MM Clock Town South; reverse; MM_TERMINA_FIELD_FROM_CLOCK_TOWN_SOUTH;;;;;;
MM_CLOCK_TOWN_EAST_FROM_FIELD; mm; 0xd200; overworld;MM_TERMINA_FIELD; areas;MM Termina Field; MM Clock Town East; reverse; MM_TERMINA_FIELD_FROM_CLOCK_TOWN_EAST;;;;;;
MM_CLOCK_TOWN_NORTH_FROM_FIELD; mm; 0xd600; overworld;MM_TERMINA_FIELD; areas;MM Termina Field; MM Clock Town North; reverse; MM_TERMINA_FIELD_FROM_CLOCK_TOWN_NORTH;;;;;;
MM_CLOCK_TOWN_SOUTH_FROM_LAUNDRY_POOL; mm; 0xd860; overworld;MM_CLOCK_TOWN; areas;MM Laundry Pool; MM Clock Town South; reverse; MM_LAUNDRY_POOL;;;;;;
MM_LAUNDRY_POOL; mm; 0xda00; overworld;MM_LAUNDRY_POOL; areas;MM Clock Town South; MM Laundry Pool; reverse; MM_CLOCK_TOWN_SOUTH_FROM_LAUNDRY_POOL;;;;;;
MM_TERMINA_FIELD_FROM_CLOCK_TOWN_WEST; mm; 0x5400; overworld;MM_CLOCK_TOWN; areas;MM Clock Town West; MM Termina Field; reverse; MM_CLOCK_TOWN_WEST_FROM_FIELD;;;;;;
MM_TERMINA_FIELD_FROM_CLOCK_TOWN_SOUTH; mm; 0x5460; overworld;MM_CLOCK_TOWN; areas;MM Clock Town South; MM Termina Field; reverse; MM_CLOCK_TOWN_SOUTH_FROM_FIELD;;;;;;
MM_TERMINA_FIELD_FROM_CLOCK_TOWN_EAST; mm; 0x5470; overworld;MM_CLOCK_TOWN; areas;MM Clock Town East Main; MM Termina Field; reverse; MM_CLOCK_TOWN_EAST_FROM_FIELD;;;;;;
MM_TERMINA_FIELD_FROM_CLOCK_TOWN_NORTH; mm; 0x5480; overworld;MM_CLOCK_TOWN; areas;MM Clock Town North; MM Termina Field; reverse; MM_CLOCK_TOWN_NORTH_FROM_FIELD;;;;;;
MM_IKANA_ROAD_FROM_FIELD; mm; 0xa000; overworld;MM_TERMINA_FIELD; areas;MM Termina Field; MM Road to Ikana Front; reverse; MM_TERMINA_FIELD_FROM_ROAD_TO_IKANA; debug;REGION; Road to Ikana;;;
MM_TERMINA_FIELD_FROM_ROAD_TO_IKANA; mm; 0x5440; overworld;MM_ROAD_IKANA; areas;MM Road to Ikana Front; MM Termina Field; reverse; MM_IKANA_ROAD_FROM_FIELD;;;;;;
MM_MOUNTAIN_VILLAGE_PATH_FROM_TERMINA_FIELD; mm; 0x3200; overworld;MM_TERMINA_FIELD; areas;MM Behind Large Icicles; MM Mountain Village Path Lower; reverse; MM_TERMINA_FIELD_FROM_PATH_TO_MOUNTAIN_VILLAGE; debug;REGION; Path to Mountain;;;
MM_TERMINA_FIELD_FROM_PATH_TO_MOUNTAIN_VILLAGE; mm; 0x5430; overworld;MM_ROAD_MOUNTAIN_VILLAGE; areas;MM Mountain Village Path Lower; MM Behind Large Icicles; reverse; MM_MOUNTAIN_VILLAGE_PATH_FROM_TERMINA_FIELD;;;;;;
MM_SWAMP_ROAD_FROM_FIELD; mm; 0x7a00; overworld;MM_TERMINA_FIELD; areas;MM Termina Field; MM Road to Southern Swamp; reverse; MM_TERMINA_FIELD_FROM_ROAD_TO_SWAMP;;;;;;
MM_TERMINA_FIELD_FROM_ROAD_TO_SWAMP; mm; 0x5410; overworld;MM_ROAD_SWAMP; areas;MM Road to Southern Swamp; MM Termina Field; reverse; MM_SWAMP_ROAD_FROM_FIELD;;;;;;
MM_MILK_ROAD_FROM_FIELD; mm; 0x3e00; overworld;MM_TERMINA_FIELD; areas;MM Termina Field; MM Milk Road; reverse; MM_TERMINA_FIELD_FROM_MILK_ROAD;;;;;;
MM_TERMINA_FIELD_FROM_MILK_ROAD; mm; 0x5450; overworld;MM_MILK_ROAD; areas;MM Milk Road; MM Termina Field; reverse; MM_MILK_ROAD_FROM_FIELD;;;;;;
MM_GORMAN_TRACK_FROM_MILK_ROAD; mm; 0xce00; overworld;MM_MILK_ROAD; areas;MM Milk Road; MM Gorman Track Front; reverse; MM_MILK_ROAD_FROM_GORMAN_TRACK;;;;;;
MM_MILK_ROAD_FROM_GORMAN_TRACK; mm; 0x3e30; overworld;MM_GORMAN_TRACK; areas;MM Gorman Track Front; MM Milk Road; reverse; MM_GORMAN_TRACK_FROM_MILK_ROAD;;;;;;
MM_GORMAN_BACK_FROM_MILK_ROAD; mm; 0xce30; overworld;MM_MILK_ROAD; areas;MM Behind Gorman Fence; MM Gorman Track Back; reverse; MM_MILK_ROAD_FROM_GORMAN_BACK;;;;;;
MM_MILK_ROAD_FROM_GORMAN_BACK; mm; 0x3e20; overworld;MM_GORMAN_TRACK; areas;MM Gorman Track Back; MM Behind Gorman Fence; reverse; MM_GORMAN_BACK_FROM_MILK_ROAD;;;;;;
MM_SNOWHEAD_PATH_FROM_MOUNTAIN_VILLAGE; mm; 0xb000; overworld;MM_MOUNTAIN_VILLAGE; areas;MM Mountain Village; MM Path to Snowhead Front; reverse; MM_MOUNTAIN_VILLAGE_FROM_SNOWHEAD_PATH;;;;;;
MM_MOUNTAIN_VILLAGE_FROM_SNOWHEAD_PATH; mm; 0x9a40; overworld;MM_ROAD_SNOWHEAD; areas;MM Path to Snowhead Front; MM Mountain Village; reverse; MM_SNOWHEAD_PATH_FROM_MOUNTAIN_VILLAGE;;;;;;
MM_SNOWHEAD_FROM_SNOWHEAD_PATH; mm; 0xb200; overworld;MM_ROAD_SNOWHEAD; areas;MM Path to Snowhead Back; MM Snowhead Entrance; reverse; MM_PATH_SNOWHEAD_FROM_SNOWHEAD;;;;;;
MM_PATH_SNOWHEAD_FROM_SNOWHEAD; mm; 0xb010; overworld;MM_SNOWHEAD; areas;MM Snowhead Entrance; MM Path to Snowhead Back; reverse; MM_SNOWHEAD_FROM_SNOWHEAD_PATH;;;;;;
MM_IKANA_GRAVEYARD; mm; 0x8000; overworld;MM_ROAD_IKANA; areas;MM Road to Ikana Center; MM Ikana Graveyard; reverse; MM_IKANA_ROAD_FROM_IKANA_GRAVEYARD; debug;REGION; Ikana Graveyard;;;
MM_IKANA_ROAD_FROM_IKANA_GRAVEYARD; mm; 0xa020; overworld;MM_GRAVEYARD; areas;MM Ikana Graveyard; MM Road to Ikana Center; reverse; MM_IKANA_GRAVEYARD;;;;;;
MM_ZORA_CAPE_FROM_GREAT_BAY_COAST; mm; 0x6a00; overworld;MM_GREAT_BAY_COAST; areas;MM Great Bay Coast; MM Zora Cape; reverse; MM_GREAT_BAY_COAST_FROM_ZORA_CAPE;;;;;;
MM_GREAT_BAY_COAST_FROM_ZORA_CAPE; mm; 0x6810; overworld;MM_ZORA_CAPE; areas;MM Zora Cape; MM Great Bay Coast; reverse; MM_ZORA_CAPE_FROM_GREAT_BAY_COAST;;;;;;
MM_PINNACLE_ROCK; mm; 0x4400; overworld;no-global;MM_GREAT_BAY_COAST; MM_PINNACLE_ROCK; areas;MM Great Bay Coast Near Pinnacle; MM Pinnacle Rock Entrance; reverse; MM_GREAT_BAY_FROM_PINNACLE_ROCK;;;;
MM_GREAT_BAY_FROM_PINNACLE_ROCK; mm; 0x6830; overworld;no-global;MM_PINNACLE_ROCK; MM_GREAT_BAY_COAST; areas;MM Pinnacle Rock Entrance; MM Great Bay Coast Near Pinnacle; reverse; MM_PINNACLE_ROCK};;;;
MM_ZORA_CAPE_FROM_HALL_WATER; mm; 0x6a10; overworld;no-global;MM_ZORA_HALL; MM_ZORA_CAPE; areas;MM Zora Hall Entrance; MM Zora Cape Near Hall; reverse; MM_ZORA_HALL_UNDERWATER;;;;
MM_ZORA_HALL_UNDERWATER; mm; 0x6000; overworld;MM_ZORA_CAPE; areas;MM Zora Cape Near Hall; MM Zora Hall Entrance; reverse; MM_ZORA_CAPE_FROM_HALL_WATER;;;;;;
MM_ZORA_CAPE_PENINSULA; mm; 0x6a20; overworld;MM_ZORA_HALL; areas;MM Zora Hall; MM Zora Cape Peninsula; reverse; MM_ZORA_HALL_LEDGE;;;;;;
MM_ZORA_HALL_LEDGE; mm; 0x6010; overworld;MM_ZORA_CAPE; areas;MM Zora Cape Peninsula; MM Zora Hall; reverse; MM_ZORA_CAPE_PENINSULA;;;;;;
MM_DEKU_PALACE_MAIN_ENTRANCE; mm; 0x5000; overworld;MM_SWAMP; areas;MM Swamp Back; MM Deku Palace Front; reverse; MM_SWAMP_FROM_PALACE_MAIN_ENTRANCE;;;;;;
MM_SWAMP_FROM_PALACE_MAIN_ENTRANCE; mm; 0x8430; overworld;MM_DEKU_PALACE; areas;MM Deku Palace Front; MM Swamp Back; reverse; MM_DEKU_PALACE_MAIN_ENTRANCE;;;;;;
MM_DEKU_PALACE_LEDGE; mm; 0x5050; overworld;MM_SWAMP; areas;MM Swamp Canopy Front; MM Deku Palace Cliff; reverse; MM_SWAMP_FROM_PALACE_LEDGE;;;;;;
MM_SWAMP_FROM_PALACE_LEDGE; mm; 0x8440; overworld;MM_DEKU_PALACE; areas;MM Deku Palace Cliff; MM Swamp Canopy Front; reverse; MM_DEKU_PALACE_LEDGE;;;;;;
MM_WOODFALL; mm; 0x8600; overworld;MM_SWAMP; areas;MM Swamp Canopy Back; MM Woodfall; reverse; MM_SWAMP_FROM_WOODFALL;;;;;;
MM_SWAMP_FROM_WOODFALL; mm; 0x8420; overworld;MM_WOODFALL; areas;MM Woodfall; MM Swamp Canopy Back; reverse; MM_WOODFALL;;;;;;
MM_MYSTERY_WOODS; mm; 0xc200; overworld;MM_SWAMP; areas;MM Swamp Near Potion Shop; MM Woods of Mystery; reverse; MM_SWAMP_FROM_MYSTERY_WOODS; debug;REGION; Mystery Woods;;;
MM_SWAMP_FROM_MYSTERY_WOODS; mm; 0x8470; overworld;MM_MYSTERY_WOODS; areas;MM Woods of Mystery Lost; MM Swamp Near Potion Shop; reverse; MM_MYSTERY_WOODS;;;;;;
MM_SEWERS_FROM_EXTERIOR_GATE; mm; 0x4090; overworld-pf;no-global;MM_PIRATE_ENTRANCE; MM_PIRATE_SEWERS; areas;MM Pirate Fortress Entrance; MM Pirate Fortress Sewers; reverse; MM_EXTERIOR_GATE_FROM_SEWERS;;;;
MM_EXTERIOR_GATE_FROM_SEWERS; mm; 0x7020; overworld-pf;no-global;MM_PIRATE_SEWERS; MM_PIRATE_ENTRANCE; areas;MM Pirate Fortress Sewers; MM Pirate Fortress Sewers Entrance; reverse; MM_SEWERS_FROM_EXTERIOR_GATE;;;;
MM_PIRATE_FORTRESS_INTERIOR; mm; 0x2200; overworld-pf;MM_PIRATE_ENTRANCE; areas;MM Pirate Fortress Entrance Balcony; MM Pirate Fortress Interior; reverse; MM_PIRATE_FORTRESS_EXTERIOR_FROM_INTERIOR;;;;;;
MM_PIRATE_FORTRESS_EXTERIOR_FROM_INTERIOR; mm; 0x7010; overworld-pf;MM_PIRATE_INTERIOR; areas;MM Pirate Fortress Interior; MM Pirate Fortress Entrance Balcony; reverse; MM_PIRATE_FORTRESS_INTERIOR;;;;;;
MM_PIRATE_FORTRESS_INTERIOR_FROM_LOOKOUT; mm; 0x22c0; overworld-pf;MM_PIRATE_ENTRANCE; areas;MM Pirate Fortress Entrance Lookout; MM Pirate Fortress Barrel Maze Entry; reverse; MM_PIRATE_FORTRESS_EXTERIOR_LOOKOUT};;;;;;
MM_PIRATE_FORTRESS_EXTERIOR_LOOKOUT; mm; 0x7050; overworld-pf;MM_PIRATE_INTERIOR; areas;MM Pirate Fortress Barrel Maze Entry; MM Pirate Fortress Entrance Lookout; reverse; MM_PIRATE_FORTRESS_INTERIOR_FROM_LOOKOUT;;;;;;
MM_IKANA_CASTLE_GARDENS; mm; 0x3410; overworld;MM_IKANA_VALLEY; areas;MM Ikana Canyon; MM Ikana Castle Entrance; reverse; MM_IKANA_CANYON_FROM_CASTLE_GARDENS; debug;REGION; Ikana Castle Gardens;;;
MM_IKANA_CANYON_FROM_CASTLE_GARDENS; mm; 0x2080; overworld;MM_IKANA_CASTLE; areas;MM Ikana Castle Entrance; MM Ikana Canyon; reverse; MM_IKANA_CASTLE_GARDENS;;;;;;
MM_STONE_TOWER; mm; 0xaa00; overworld;MM_IKANA_VALLEY; areas;MM Ikana Canyon; MM Stone Tower; reverse; MM_IKANA_CANYON_FROM_STONE_TOWER;;;;;;
MM_IKANA_CANYON_FROM_STONE_TOWER; mm; 0x2030; overworld;MM_STONE_TOWER; areas;MM Stone Tower; MM Ikana Canyon; reverse; MM_STONE_TOWER;;;;;;
MM_TWIN_ISLANDS_FROM_MOUNTAIN_VILLAGE; mm; 0xb400; overworld;MM_MOUNTAIN_VILLAGE; areas;MM Mountain Village; MM Twin Islands; reverse; MM_MOUNTAIN_VILLAGE_FROM_TWIN_ISLANDS; debug;REGION; Twin Islands;;;
MM_MOUNTAIN_VILLAGE_FROM_TWIN_ISLANDS; mm; 0x9a20; overworld;MM_TWIN_ISLANDS; areas;MM Twin Islands; MM Mountain Village; reverse; MM_TWIN_ISLANDS_FROM_MOUNTAIN_VILLAGE;;;;;;
MM_TWIN_ISLANDS_FROM_GORON_VILLAGE; mm; 0xb410; overworld;MM_GORON_VILLAGE; areas;MM Goron Village; MM Twin Islands; reverse; MM_GORON_VILLAGE_FROM_TWIN_ISLANDS;;;;;;
MM_GORON_VILLAGE_FROM_TWIN_ISLANDS; mm; 0x9400; overworld;MM_TWIN_ISLANDS; areas;MM Twin Islands; MM Goron Village; reverse; MM_TWIN_ISLANDS_FROM_GORON_VILLAGE; debug;REGION; Goron Village;;;
MM_SWAMP_FROM_IKANA_CANYON; mm; 0x8490; one-way;;;;;;MM Ikana Valley;;;;;;
MM_IKANA_CASTLE_INTERIOR_KEG; mm; 0x3440; one-way-ikana;;;;;;MM Ancient Castle of Ikana Roof Interior;;;;;;
MM_IKANA_CASTLE_INTERIOR_BLOCK; mm; 0x3450; one-way-ikana;;;;;;MM Ancient Castle of Ikana Roof Interior;;;;;;
MM_CHEST_GAME; mm; 0x2800; indoors;;;;MM Clock Town East Main; reverse; MM_CLOCK_TOWN_EAST_FROM_CHEST_GAME;;;;;;
MM_HONEY_AND_DARLING_GAME; mm; 0x0800; indoors;;;;MM Clock Town East Main; reverse; MM_CLOCK_TOWN_EAST_FROM_HONEY_AND_DARLING;;;;;;
MM_MAYORS_OFFICE; mm; 0x0000; indoors;;;;MM Clock Town East Main; reverse; MM_CLOCK_TOWN_EAST_FROM_MAYORS_OFFICE; debug;INTERIOR; Mayors Office;;;
MM_TOWN_ARCHERY; mm; 0x3a00; indoors;;;;MM Clock Town East Main; reverse; MM_CLOCK_TOWN_EAST_FROM_TOWN_ARCHERY;;;;;;
MM_MILK_BAR; mm; 0x2400; indoors;;;;MM Clock Town East Main; reverse; MM_CLOCK_TOWN_EAST_FROM_MILK_BAR; debug;INTERIOR; Milk Bar;;;
MM_FAIRY_FOUNTAIN_TOWN; mm; 0x4600; indoors;;;;MM Clock Town North; reverse; MM_CLOCK_TOWN_NORTH_FROM_FAIRY_FOUNTAIN; debug;MM_GROTTO; Fairy Fountain Town;;;
MM_SWORDSMAN_SCHOOL; mm; 0xa200; indoors;;;;MM Clock Town West; reverse; MM_CLOCK_TOWN_WEST_FROM_SWORDSMAN_SCHOOL;;;;;;
MM_CURIOSITY_SHOP; mm; 0x0e00; indoors;;;;MM Clock Town West; reverse; MM_CLOCK_TOWN_WEST_FROM_CURIOSITY_SHOP;;;;;;
MM_TRADING_POST; mm; 0x6200; indoors;;;;MM Clock Town West; reverse; MM_CLOCK_TOWN_WEST_FROM_TRADING_POST;;;;;;
MM_BOMB_SHOP; mm; 0xca00; indoors;;;;MM Clock Town West; reverse; MM_CLOCK_TOWN_WEST_FROM_BOMB_SHOP;;;;;;
MM_POST_OFFICE; mm; 0x5600; indoors;;;;MM Clock Town West; reverse; MM_CLOCK_TOWN_WEST_FROM_POST_OFFICE;;;;;;
MM_LOTTERY; mm; 0x6c00; indoors;;;;MM Clock Town West; reverse; MM_CLOCK_TOWN_WEST_FROM_LOTTERY; debug;INTERIOR; Lottery;;;
MM_KAFEI_HIDEOUT; mm; 0x0e10; indoors;;;;MM_LAUNDRY_POOL; areas;MM Laundry Pool; MM Kafei Hideout; reverse; MM_LAUNDRY_POOL_FROM_KAFEI_HIDEOUT;;;
MM_POTION_SHOP; mm; 0x0400; indoors;;;;MM Swamp Near Potion Shop; reverse; MM_SWAMP_FROM_POTION_SHOP; debug;INTERIOR; Swamp Potion Shop;;;
MM_DEKU_SHRINE; mm; 0x9e00; indoors;;;;MM Near Deku Shrine; reverse; MM_DEKU_PALACE_EXTERIOR_FROM_SHRINE; debug;INTERIOR; Deku Shrine;;;
MM_GORON_SHOP; mm; 0x7400; indoors;;;;MM Goron Shrine; reverse; MM_GORON_SHRINE_FROM_SHOP;;;;;;
MM_FISHER_HUT; mm; 0x7200; indoors;;;;MM Great Bay Coast; reverse; MM_GREAT_BAY_COAST_FROM_FISHER_HUT;;;;;;
MM_LABORATORY; mm; 0x5800; indoors;;;;MM Great Bay Coast Platform; reverse; MM_GREAT_BAY_COAST_FROM_LABORATORY; debug;INTERIOR; Great Bay Laboratory;;;
MM_ROOM_EVANS; mm; 0x9230; indoors;;;;MM Zora Hall; reverse; MM_ZORA_HALL_FROM_EVANS; debug;INTERIOR; Evan;;;
MM_ROOM_JAPAS; mm; 0x9210; indoors;;;;MM Zora Hall; reverse; MM_ZORA_HALL_FROM_JAPAS;;;;;;
MM_ROOM_TIJO; mm; 0x9200; indoors;;;;MM Zora Hall; reverse; MM_ZORA_HALL_FROM_TIJO;;;;;;
MM_ROOM_LULU; mm; 0x9220; indoors;;;;MM Zora Hall; reverse; MM_ZORA_HALL_FROM_LULU;;;;;;
MM_ZORA_SHOP; mm; 0x9250; indoors;;;;MM Zora Hall; reverse; MM_ZORA_HALL_FROM_SHOP;;;;;;
MM_GHOST_HUT; mm; 0x9c00; indoors;;;;MM Ikana Canyon; reverse; MM_IKANA_CANYON_FROM_GHOST_HUT;;;;;;
MM_MUSIC_BOX_HOUSE; mm; 0xa400; indoors;;;;MM Ikana Canyon; reverse; MM_IKANA_CANYON_FROM_MUSIC_BOX_HOUSE; debug;INTERIOR; Music House;;;
MM_FAIRY_FOUNTAIN_IKANA; mm; 0x4640; indoors;;;;MM Ikana Canyon; reverse; MM_IKANA_CANYON_FROM_FAIRY_FOUNTAIN; debug;MM_GROTTO; Fairy Fountain Ikana;;;
MM_IKANA_CAVERN; mm; 0x20e0; indoors;;;;MM Ikana Canyon; reverse; MM_IKANA_CANYON_FROM_CAVERN;;;;;;
MM_FAIRY_FOUNTAIN_GREAT_BAY; mm; 0x4630; indoors;;;;MM Great Bay Near Fairy Fountain; reverse; MM_GREAT_BAY_FROM_FAIRY_FOUNTAIN; debug;MM_GROTTO; Fairy Fountain Great Bay;;;
MM_FAIRY_FOUNTAIN_SNOWHEAD; mm; 0x4620; indoors;;;;MM Snowhead Near Fairy Fountain; reverse; MM_SNOWHEAD_FROM_FAIRY_FOUNTAIN; debug;MM_GROTTO; Fairy Fountain Snowhead;;;
MM_FAIRY_FOUNTAIN_WOODFALL; mm; 0x4610; indoors;;;;MM Woodfall Near Fairy Fountain; reverse; MM_WOODFALL_FROM_FAIRY_FOUNTAIN; debug;MM_GROTTO; Fairy Fountain Woodfall;;;
MM_GORON_GRAVEYARD; mm; 0x9600; indoors;;;;MM Mountain Village Cliff; reverse; MM_MOUNTAIN_VILLAGE_FROM_GORON_GRAVEYARD;;;;;;
MM_BLACKSMITH; mm; 0x5200; indoors;;;;MM Mountain Village; reverse; MM_MOUNTAIN_VILLAGE_FROM_BLACKSMITH;;;;;;
MM_SWAMP_ARCHERY; mm; 0x4200; indoors;;;;MM Road to Southern Swamp; reverse; MM_SWAMP_ROAD_FROM_ARCHERY;;;;;;
MM_GORON_RACETRACK; mm; 0xd000; indoors;;;;MM Near Goron Race; reverse; MM_TWIN_ISLANDS_FROM_GORON_RACETRACK; debug;INTERIOR; Goron Race;;;
MM_BEAVERS; mm; 0x8e00; indoors;;;;MM Waterfall Cliffs; reverse; MM_ZORA_CAPE_FROM_BEAVERS;;;;;;
MM_CUCCO_SHACK; mm; 0x7e00; indoors;;;;MM Romani Ranch; reverse; MM_ROMANI_RANCH_FROM_CUCCO_SHACK; debug;INTERIOR; Cucco Shack;;;
MM_DOGGY_RACETRACK; mm; 0x7c00; indoors;;;;MM Romani Ranch; reverse; MM_ROMANI_RANCH_FROM_DOGGY_RACETRACK;;;;;;
MM_STABLES; mm; 0x0600; indoors;;no-global;MM Romani Ranch; MM Stables; reverse; MM_ROMANI_RANCH_FROM_STABLES;;;;;;
MM_RANCH_HOUSE; mm; 0x0610; indoors;;no-global;MM Romani Ranch; MM Ranch House; reverse; MM_ROMANI_RANCH_FROM_RANCH_HOUSE;;;;;;
MM_GORON_SHRINE; mm; 0x5e00; indoors;MM_GORON_VILLAGE; areas;MM Goron Village; MM Goron Shrine; reverse; MM_GORON_VILLAGE_FROM_GORON_SHRINE; debug;INTERIOR; Goron Shrine;;;
MM_DEKU_PALACE_THRONE; mm; 0x7600; indoors;;;;MM Deku Palace Main; reverse; MM_DEKU_PALACE_EXTERIOR_FROM_THRONE; debug;INTERIOR; Deku Palace;;;
MM_DEKU_PALACE_THRONE_CAGE; mm; 0x7610; indoors;;;;MM Deku Palace Near Cage; reverse; MM_DEKU_PALACE_EXTERIOR_FROM_THRONE_CAGE; debug;INTERIOR; Deku Palace Cage;;;
MM_LONE_PEAK_SHRINE; mm; 0x1500; indoors;;;;MM Front of Lone Peak Shrine; reverse; MM_GORON_VILLAGE_FROM_LONE_PEAK_SHRINE; debug;INTERIOR; Lone Peak Shrine;;;
MM_STOCK_POT_INN; mm; 0xbc00; indoors-extra;MM_CLOCK_TOWN; areas;MM Clock Town East Main; MM Stock Pot Inn; reverse; MM_CLOCK_TOWN_EAST_FROM_STOCK_POT_INN;;;;;;
MM_STOCK_POT_INN_ROOF; mm; 0xbc10; indoors-extra;MM_CLOCK_TOWN; areas;MM Clock Town East SPI Roof; MM Stock Pot Inn; reverse; MM_CLOCK_TOWN_EAST_FROM_STOCK_POT_INN_ROOF;;;;;;
MM_SEWERS_FROM_EXTERIOR_DOOR; mm; 0x40a0; indoors-pf;MM_PIRATE_ENTRANCE; areas;MM Pirate Fortress Entrance Balcony; MM Pirate Fortress Sewers End; reverse; MM_EXTERIOR_DOOR_FROM_SEWERS;;;;;;
MM_TOURIST_INFORMATION; mm; 0xa800; indoors-extra;;;;MM Swamp Front; reverse; MM_SWAMP_FROM_TOURIST_INFORMATION; debug;INTERIOR; Tourism Office;;;
MM_ASTRAL_OBSERVATORY_FROM_CLOCK_TOWN_EAST; mm; 0x4c00; indoors-extra; MM_OBSERVATORY; areas;MM Clock Town East Main; MM Astral Observatory Passage; reverse; MM_CLOCK_TOWN_EAST_FROM_ASTRAL_OBSERVATORY;;;;;;
MM_ASTRAL_OBSERVATORY_FROM_FIELD; mm; 0x4c10; indoors-extra; MM_OBSERVATORY; areas;MM Astral Observatory Balcony; MM Astral Observatory; reverse; MM_FIELD_FROM_ASTRAL_OBSERVATORY; debug;INTERIOR; Astral Observatory;;;
MM_CLOCK_TOWN_EAST_FROM_CHEST_GAME; mm; 0xd240; indoors-exit;NONE; areas;MM Chest Game; MM Clock Town East; reverse; MM_CHEST_GAME;;;;;;
MM_CLOCK_TOWN_EAST_FROM_HONEY_AND_DARLING; mm; 0xd260; indoors-exit;NONE; areas;MM Honey & Darling Game; MM Clock Town East; reverse; MM_HONEY_AND_DARLING_GAME;;;;;;
MM_CLOCK_TOWN_EAST_FROM_MAYORS_OFFICE; mm; 0xd270; indoors-exit;NONE; areas;MM Mayor's Office; MM Clock Town East; reverse; MM_MAYORS_OFFICE;;;;;;
MM_CLOCK_TOWN_EAST_FROM_TOWN_ARCHERY; mm; 0xd280; indoors-exit;NONE; areas;MM Town Archery; MM Clock Town East; reverse; MM_TOWN_ARCHERY;;;;;;
MM_CLOCK_TOWN_EAST_FROM_STOCK_POT_INN; mm; 0xd290; indoors-exit;NONE; areas;MM Stock Pot Inn; MM Clock Town East; reverse; MM_STOCK_POT_INN;;;;;;
MM_CLOCK_TOWN_EAST_FROM_STOCK_POT_INN_ROOF; mm; 0xd2a0; indoors-exit;MM_STOCK_POT; areas;MM Stock Pot Inn; MM Stock Pot Inn Roof; reverse; MM_STOCK_POT_INN_ROOF;;;;;;
MM_CLOCK_TOWN_EAST_FROM_MILK_BAR; mm; 0xd2b0; indoors-exit;NONE; areas;MM Milk Bar; MM Clock Town East; reverse; MM_MILK_BAR;;;;;;
MM_CLOCK_TOWN_NORTH_FROM_FAIRY_FOUNTAIN; mm; 0xd630; indoors-exit;NONE; areas;MM Clock Town Fairy Fountain; MM Clock Town North; reverse; MM_FAIRY_FOUNTAIN_TOWN;;;;;;
MM_CLOCK_TOWN_WEST_FROM_SWORDSMAN_SCHOOL; mm; 0xd430; indoors-exit;NONE; areas;MM Swordsman School; MM Clock Town West; reverse; MM_SWORDSMAN_SCHOOL;;;;;;
MM_CLOCK_TOWN_WEST_FROM_CURIOSITY_SHOP; mm; 0xd440; indoors-exit;NONE; areas;MM Curiosity Shop; MM Clock Town West; reverse; MM_CURIOSITY_SHOP;;;;;;
MM_CLOCK_TOWN_WEST_FROM_TRADING_POST; mm; 0xd450; indoors-exit;NONE; areas;MM Trading Post; MM Clock Town West; reverse; MM_TRADING_POST;;;;;;
MM_CLOCK_TOWN_WEST_FROM_BOMB_SHOP; mm; 0xd460; indoors-exit;NONE; areas;MM Bomb Shop; MM Clock Town West; reverse; MM_BOMB_SHOP;;;;;;
MM_CLOCK_TOWN_WEST_FROM_POST_OFFICE; mm; 0xd470; indoors-exit;NONE; areas;MM Post Office; MM Clock Town West; reverse; MM_POST_OFFICE;;;;;;
MM_CLOCK_TOWN_WEST_FROM_LOTTERY; mm; 0xd480; indoors-exit;NONE; areas;MM Lottery; MM Clock Town West; reverse; MM_LOTTERY;;;;;;
MM_LAUNDRY_POOL_FROM_KAFEI_HIDEOUT; mm; 0xda10; indoors-exit;MM_CURIOSITY_SHOP; areas;MM Kafei Hideout; MM Laundry Pool; reverse; MM_KAFEI_HIDEOUT;;;;;;
MM_SWAMP_FROM_POTION_SHOP; mm; 0x8450; indoors-exit;NONE; areas;MM Swamp Potion Shop; MM Swamp Near Potion Shop; reverse; MM_POTION_SHOP;;;;;;
MM_DEKU_PALACE_EXTERIOR_FROM_SHRINE; mm; 0x5040; indoors-exit;NONE; areas;MM Deku Shrine; MM Near Deku Shrine; reverse; MM_DEKU_SHRINE;;;;;;
MM_GORON_SHRINE_FROM_SHOP; mm; 0x5e10; indoors-exit;NONE; areas;MM Goron Shop; MM Goron Shrine From Shop; reverse; MM_GORON_SHOP;;;;;;
MM_GREAT_BAY_COAST_FROM_FISHER_HUT; mm; 0x6840; indoors-exit;NONE; areas;MM Fisher's Hut; MM Great Bay Coast; reverse; MM_FISHER_HUT;;;;;;
MM_GREAT_BAY_COAST_FROM_LABORATORY; mm; 0x6870; indoors-exit;NONE; areas;MM Laboratory; MM Great Bay Coast Platform; reverse; MM_LABORATORY;;;;;;
MM_ZORA_HALL_FROM_EVANS; mm; 0x6040; indoors-exit;NONE; areas;MM Evan's Room; MM Zora Hall; reverse; MM_ROOM_EVANS;;;;;;
MM_ZORA_HALL_FROM_JAPAS; mm; 0x6050; indoors-exit;NONE; areas;MM Japas' Room; MM Zora Hall; reverse; MM_ROOM_JAPAS;;;;;;
MM_ZORA_HALL_FROM_TIJO; mm; 0x6060; indoors-exit;NONE; areas;MM Tijo's Room; MM Zora Hall; reverse; MM_ROOM_TIJO;;;;;;
MM_ZORA_HALL_FROM_LULU; mm; 0x6030; indoors-exit;NONE; areas;MM Lulu's Room; MM Zora Hall; reverse; MM_ROOM_LULU;;;;;;
MM_ZORA_HALL_FROM_SHOP; mm; 0x6020; indoors-exit;NONE; areas;MM Zora Shop; MM Zora Hall; reverse; MM_ZORA_SHOP;;;;;;
MM_IKANA_CANYON_FROM_GHOST_HUT; mm; 0x2010; indoors-exit;NONE; areas;MM Ghost Hut; MM Ikana Canyon; reverse; MM_GHOST_HUT;;;;;;
MM_IKANA_CANYON_FROM_MUSIC_BOX_HOUSE; mm; 0x2020; indoors-exit;NONE; areas;MM Music Box House; MM Ikana Canyon; reverse; MM_MUSIC_BOX_HOUSE;;;;;;
MM_IKANA_CANYON_FROM_FAIRY_FOUNTAIN; mm; 0x20b0; indoors-exit;NONE; areas;MM Ikana Fairy Fountain; MM Ikana Canyon; reverse; MM_FAIRY_FOUNTAIN_IKANA;;;;;;
MM_IKANA_CANYON_FROM_CAVERN; mm; 0x20d0; indoors-exit;NONE; areas;MM Ikana Spring Water Cave; MM Ikana Canyon; reverse; MM_IKANA_CAVERN;;;;;;
MM_EXTERIOR_DOOR_FROM_SEWERS; mm; 0x7060; indoors-exit;MM_PIRATE_SEWERS; areas;MM Pirate Fortress Sewers End; MM Pirate Fortress Entrance Balcony; reverse; MM_SEWERS_FROM_EXTERIOR_DOOR; debug;DUNGEON; PFS to PFE Door;;;
MM_GREAT_BAY_FROM_FAIRY_FOUNTAIN; mm; 0x6a50; indoors-exit;NONE; areas;MM Great Bay Fairy Fountain; MM Great Bay Near Fairy Fountain; reverse; MM_FAIRY_FOUNTAIN_GREAT_BAY;;;;;;
MM_SNOWHEAD_FROM_FAIRY_FOUNTAIN; mm; 0xb220; indoors-exit;NONE; areas;MM Snowhead Fairy Fountain; MM Snowhead Near Fairy Fountain; reverse; MM_FAIRY_FOUNTAIN_SNOWHEAD;;;;;;
MM_SWAMP_FROM_TOURIST_INFORMATION; mm; 0x8410; indoors-exit;NONE; areas;MM Tourist Information; MM Swamp Front; reverse; MM_TOURIST_INFORMATION;;;;;;
MM_WOODFALL_FROM_FAIRY_FOUNTAIN; mm; 0x8620; indoors-exit;NONE; areas;MM Woodfall Fairy Fountain; MM Woodfall Near Fairy Fountain; reverse; MM_FAIRY_FOUNTAIN_WOODFALL;;;;;;
MM_MOUNTAIN_VILLAGE_FROM_GORON_GRAVEYARD; mm; 0x9a30; indoors-exit;NONE; areas;MM Goron Graveyard; MM Near Goron Graveyard; reverse; MM_GORON_GRAVEYARD;;;;;;
MM_MOUNTAIN_VILLAGE_FROM_BLACKSMITH; mm; 0x9a10; indoors-exit;NONE; areas;MM Blacksmith; MM Mountain Village; reverse; MM_BLACKSMITH;;;;;;
MM_ROMANI_RANCH_FROM_CUCCO_SHACK; mm; 0x6440; indoors-exit;NONE; areas;MM Cucco Shack; MM Romani Ranch; reverse; MM_CUCCO_SHACK;;;;;;
MM_ROMANI_RANCH_FROM_DOGGY_RACETRACK; mm; 0x6450; indoors-exit;NONE; areas;MM Doggy Racetrack; MM Romani Ranch; reverse; MM_DOGGY_RACETRACK;;;;;;
MM_ROMANI_RANCH_FROM_STABLES; mm; 0x6420; indoors-exit;NONE; areas;MM Stables; MM Romani Ranch; reverse; MM_STABLES;;;;;;
MM_ROMANI_RANCH_FROM_RANCH_HOUSE; mm; 0x6430; indoors-exit;NONE; areas;MM Ranch House; MM Romani Ranch; reverse; MM_RANCH_HOUSE;;;;;;
MM_CLOCK_TOWN_EAST_FROM_ASTRAL_OBSERVATORY; mm; 0xd220; indoors-exit;MM_OBSERVATORY; areas;MM Astral Observatory Passage; MM Clock Town East Near Hideout; reverse; MM_ASTRAL_OBSERVATORY_FROM_CLOCK_TOWN_EAST;;;;;;
MM_FIELD_FROM_ASTRAL_OBSERVATORY; mm; 0x5490; indoors-exit;MM_OBSERVATORY; areas;MM Astral Observatory; MM Astral Observatory Balcony; reverse; MM_ASTRAL_OBSERVATORY_FROM_FIELD;;;;;;
MM_SWAMP_ROAD_FROM_ARCHERY; mm; 0x7a20; indoors-exit;NONE; areas;MM Swamp Archery; MM Road to Southern Swamp; reverse; MM_SWAMP_ARCHERY;;;;;;
MM_TWIN_ISLANDS_FROM_GORON_RACETRACK; mm; 0xb420; indoors-exit;NONE; areas;MM Goron Race; MM Near Goron Race; reverse; MM_GORON_RACETRACK;;;;;;
MM_ZORA_CAPE_FROM_BEAVERS; mm; 0x6a40; indoors-exit;NONE; areas;MM Waterfall Rapids; MM Waterfall Cliffs; reverse; MM_BEAVERS;;;;;;
MM_GORON_VILLAGE_FROM_GORON_SHRINE; mm; 0x9420; indoors-exit;MM_GORON_SHRINE; areas;MM Goron Shrine; MM Goron Village; reverse; MM_GORON_SHRINE;;;;;;
MM_GORON_VILLAGE_FROM_LONE_PEAK_SHRINE; mm; 0x9430; indoors-exit;NONE; areas;MM Lone Peak Shrine; MM Front of Lone Peak Shrine; reverse; MM_LONE_PEAK_SHRINE; debug;INTERIOR; Lone Peak Shrine Exit;;;
MM_DEKU_PALACE_EXTERIOR_FROM_THRONE; mm; 0x5020; indoors-exit;NONE; areas;MM Deku Palace Throne; MM Deku Palace Main; reverse; MM_DEKU_PALACE_THRONE;;;;;;
MM_DEKU_PALACE_EXTERIOR_FROM_THRONE_CAGE; mm; 0x5030; indoors-exit;NONE; areas;MM Deku Palace Cage; MM Deku Palace Near Cage; reverse; MM_DEKU_PALACE_THRONE_CAGE;;;;;;
MM_SAKON_HIDEOUT; mm; 0x9800; indoors-special;;;;MM Ikana Valley; reverse; MM_IKANA_CANYON_FROM_SAKON_HIDEOUT;;;;;;
MM_IKANA_CANYON_FROM_SAKON_HIDEOUT; mm; 0x2060; indoors-special;;;;MM Sakon Hideout; reverse; MM_SAKON_HIDEOUT;;;;;;
MM_WARP_OWL_GREAT_BAY; mm; 0x68b0; one-way-statue;no-sot;NONE; MM_GREAT_BAY_COAST; areas;MM SOARING; MM Owl Great Bay; debug;WARP; Great Bay;;;
MM_WARP_OWL_ZORA_CAPE; mm; 0x6a60; one-way-statue;no-sot;NONE; MM_ZORA_CAPE; areas;MM SOARING; MM Owl Zora Cape; debug;WARP; Zora Cape;;;
MM_WARP_OWL_SNOWHEAD; mm; 0xb230; one-way-statue;no-sot;NONE; MM_SNOWHEAD; areas;MM SOARING; MM Owl Snowhead; debug;WARP; Snowhead;;;
MM_WARP_OWL_MOUNTAIN_VILLAGE; mm; 0x9a80; one-way-statue;no-sot;NONE; MM_MOUNTAIN_VILLAGE; areas;MM SOARING; MM Owl Mountain; debug;WARP; Mountain;;;
MM_WARP_OWL_CLOCK_TOWN; mm; 0xd890; one-way-statue;no-sot;NONE; MM_CLOCK_TOWN; areas;MM SOARING; MM Owl Clock Town; debug;WARP; Clock Town;;;
MM_WARP_OWL_MILK_ROAD; mm; 0x3e40; one-way-statue;no-sot;NONE; MM_MILK_ROAD; areas;MM SOARING; MM Owl Milk Road; debug;WARP; Milk Road;;;
MM_WARP_OWL_WOODFALL; mm; 0x8640; one-way-statue;no-sot;NONE; MM_WOODFALL; areas;MM SOARING; MM Owl Woodfall; debug;WARP; Woodfall;;;
MM_WARP_OWL_SOUTHERN_SWAMP; mm; 0x84a0; one-way-statue;no-sot;NONE; MM_SWAMP; areas;MM SOARING; MM Owl Swamp; debug;WARP; Swamp;;;
MM_WARP_OWL_IKANA_CANYON; mm; 0x2040; one-way-statue;no-sot;NONE; MM_IKANA_VALLEY; areas;MM SOARING; MM Owl Ikana; debug;WARP; Ikana;;;
MM_WARP_OWL_STONE_TOWER; mm; 0xaa30; one-way-statue;no-sot;NONE; MM_STONE_TOWER; areas;MM SOARING; MM Owl Stone Tower; debug;WARP; Stone Tower;;;
MM_WALLMASTER_DAMPE; mm; 0xff00; wallmaster;;;;;;MM Beneath The Graveyard Night 3 Wallmaster;;;;;;
MM_WALLMASTER_BTW_ENTRANCE; mm; 0xff01; wallmaster;;;;;;MM Beneath The Well Wallmaster Near Entrance;;;;;;
MM_WALLMASTER_BTW_FOUNTAIN; mm; 0xff02; wallmaster;;;;;;MM Beneath The Well Wallmaster Near Fountain;;;;;;
MM_WALLMASTER_BTW_EXIT; mm; 0xff03; wallmaster;;;;;;MM Beneath The Well Wallmaster Near Exit;;;;;;
MM_GROTTO_GENERIC_FIELD_PILLAR; mm; 0x10000; grotto;;;;MM Termina Field; reverse; MM_GROTTO_EXIT_GENERIC_FIELD_PILLAR; debug;MM_GROTTO; Generic Pillar;;;
MM_GROTTO_GENERIC_GRASS; mm; 0x10001; grotto;;;;MM Termina Field; reverse; MM_GROTTO_EXIT_GENERIC_GRASS; debug;MM_GROTTO; Generic Grass;;;
MM_GROTTO_GENERIC_PATH_SWAMP; mm; 0x10002; grotto;;;;MM Road to Southern Swamp; reverse; MM_GROTTO_EXIT_GENERIC_PATH_SWAMP; debug;MM_GROTTO; Generic Path to Swamp;;;
MM_GROTTO_GENERIC_WOODS; mm; 0x10003; grotto;;;;MM Near Woods of Mystery Grotto; reverse; MM_GROTTO_EXIT_GENERIC_WOODS; debug;MM_GROTTO; Generic Woods of Mystery;;;
MM_GROTTO_GENERIC_SWAMP; mm; 0x10004; grotto;;;;MM Near Swamp Grotto; reverse; MM_GROTTO_EXIT_GENERIC_SWAMP; debug;MM_GROTTO; Generic Swamp;;;
MM_GROTTO_GENERIC_MOUNTAIN_VILLAGE; mm; 0x10005; grotto;;;;MM Near Village Grotto; reverse; MM_GROTTO_EXIT_GENERIC_MOUNTAIN_VILLAGE; debug;MM_GROTTO; Generic Mountain Village;;;
MM_GROTTO_GENERIC_TWIN_ISLANDS; mm; 0x10006; grotto;;;;MM Near Ramp Grotto; reverse; MM_GROTTO_EXIT_GENERIC_TWIN_ISLANDS; debug;MM_GROTTO; Generic Twin Islands;;;
MM_GROTTO_GENERIC_PATH_SNOWHEAD; mm; 0x10007; grotto;;;;MM Path to Snowhead Back; reverse; MM_GROTTO_EXIT_GENERIC_PATH_SNOWHEAD; debug;MM_GROTTO; Generic Path to Snowhead;;;
MM_GROTTO_GENERIC_GREAT_BAY_COAST; mm; 0x10008; grotto;;;;MM Great Bay Coast; reverse; MM_GROTTO_EXIT_GENERIC_GREAT_BAY_COAST; debug;MM_GROTTO; Generic Great Bay Coast;;;
MM_GROTTO_GENERIC_ZORA_CAPE; mm; 0x10009; grotto;;;;MM Zora Cape; reverse; MM_GROTTO_EXIT_GENERIC_ZORA_CAPE; debug;MM_GROTTO; Generic Zora Cape;;;
MM_GROTTO_GENERIC_PATH_IKANA; mm; 0x1000a; grotto;;;;MM Road to Ikana Front; reverse; MM_GROTTO_EXIT_GENERIC_PATH_IKANA; debug;MM_GROTTO; Generic Path to Ikana;;;
MM_GROTTO_GENERIC_GRAVEYARD; mm; 0x1000b; grotto;;;;MM Ikana Graveyard; reverse; MM_GROTTO_EXIT_GENERIC_GRAVEYARD; debug;MM_GROTTO; Generic Graveyard;;;
MM_GROTTO_GENERIC_VALLEY; mm; 0x1000c; grotto;;;;MM Ikana Valley Near Secret Shrine; reverse; MM_GROTTO_EXIT_GENERIC_VALLEY; debug;MM_GROTTO; Generic Ikana Valley;;;
MM_GROTTO_COW_FIELD; mm; 0x1000d; grotto;;;;MM Termina Field; reverse; MM_GROTTO_EXIT_COW_FIELD; debug;MM_GROTTO; Cow Field;;;
MM_GROTTO_COW_COAST; mm; 0x1000e; grotto;;;;MM GBC Near Cow Grotto; reverse; MM_GROTTO_EXIT_COW_COAST; debug;MM_GROTTO; Cow Coast;;;
MM_GROTTO_GOSSIPS_MOUNTAIN; mm; 0x1430; grotto;;;;MM Termina Field; reverse; MM_GROTTO_EXIT_GOSSIPS_MOUNTAIN; debug;MM_GROTTO; Gossips (Mountain);;;
MM_GROTTO_GOSSIPS_CANYON; mm; 0x1420; grotto;;;;MM Termina Field; reverse; MM_GROTTO_EXIT_GOSSIPS_CANYON; debug;MM_GROTTO; Gossips (Canyon);;;
MM_GROTTO_GOSSIPS_OCEAN; mm; 0x1400; grotto;;;;MM Termina Field; reverse; MM_GROTTO_EXIT_GOSSIPS_OCEAN; debug;MM_GROTTO; Gossips (Ocean);;;
MM_GROTTO_GOSSIPS_SWAMP; mm; 0x1410; grotto;;;;MM Termina Field; reverse; MM_GROTTO_EXIT_GOSSIPS_SWAMP; debug;MM_GROTTO; Gossips (Swamp);;;
MM_GROTTO_DODONGO; mm; 0x1470; grotto;;;;MM Termina Field; reverse; MM_GROTTO_EXIT_DODONGO; debug;MM_GROTTO; Dodongo;;;
MM_GROTTO_SCRUB; mm; 0x1490; grotto;;;;MM Termina Field; reverse; MM_GROTTO_EXIT_SCRUB; debug;MM_GROTTO; Scrub;;;
MM_GROTTO_PEAHAT; mm; 0x14d0; grotto;;;;MM Termina Field; reverse; MM_GROTTO_EXIT_PEAHAT; debug;MM_GROTTO; Peahat;;;
MM_GROTTO_BIO_BABA; mm; 0x14b0; grotto;;;;MM Termina Field; reverse; MM_GROTTO_EXIT_BIO_BABA; debug;MM_GROTTO; Bio Baba;;;
MM_GROTTO_HOT_WATER; mm; 0x1450; grotto;;;;MM Twin Islands; reverse; MM_GROTTO_EXIT_HOT_WATER; debug;MM_GROTTO; Hot Water;;;
MM_GROTTO_BEAN; mm; 0x14c0; grotto;;;;MM Deku Palace Near Beans Grotto; reverse; MM_GROTTO_EXIT_BEAN; debug;MM_GROTTO; Bean;;;
MM_GROTTO_DEKU_PLAYGROUND; mm; 0x3600; grotto;;;;MM Clock Town North; reverse; MM_GROTTO_EXIT_DEKU_PLAYGROUND; debug;MM_GROTTO; Deku Playground;;;
MM_GROTTO_JP_CLIMB_LEFT; mm; 0x14f0; grotto;MM_DEKU_PALACE; areas;MM Deku Palace Near JP Grotto Climb Left;  'MM JP Grotto Climb Left; debug;MM_GROTTO; JP Climb Left; reverse; MM_GROTTO_EXIT_JP_CLIMB_LEFT;;;
MM_GROTTO_JP_CLIMB_RIGHT; mm; 0x1480; grotto;MM_DEKU_PALACE; areas;MM Deku Palace Near JP Grotto Climb Right; MM JP Grotto Climb Right; debug;MM_GROTTO; JP Climb Right; reverse; MM_GROTTO_EXIT_JP_CLIMB_RIGHT;;;
MM_GROTTO_JP_LINE_START; mm; 0x14e0; grotto;MM_DEKU_PALACE; areas;MM Deku Palace Near JP Grotto Line Start;  'MM JP Grotto Line Start; debug;MM_GROTTO; JP Line Start; reverse; MM_GROTTO_EXIT_JP_LINE_START;;;
MM_GROTTO_JP_LINE_END; mm; 0x1460; grotto;MM_DEKU_PALACE; areas;MM Deku Palace Corner Ledge Top; MM JP Grotto Line End; debug;MM_GROTTO; JP Line End; reverse; MM_GROTTO_EXIT_JP_LINE_END;;;
MM_GRAVE_NIGHT1; mm; 0x0a10; grave;MM_GRAVEYARD; areas;MM Ikana Graveyard; MM Beneath The Graveyard Night 1; reverse; MM_GRAVE_EXIT_NIGHT1; debug;MM_GROTTO; Grave Night 1;;;
MM_GRAVE_NIGHT2; mm; 0x0a00; grave;MM_GRAVEYARD; areas;MM Ikana Graveyard; MM Beneath The Graveyard Night 2; reverse; MM_GRAVE_EXIT_NIGHT2; debug;MM_GROTTO; Grave Night 2;;;
MM_GRAVE_NIGHT3; mm; 0x5a00; grave;MM_GRAVEYARD; areas;MM Ikana Graveyard; MM Beneath The Graveyard Night 3; reverse; MM_GRAVE_EXIT_NIGHT3; debug;MM_GROTTO; Grave Night 3;;;
MM_GROTTO_EXIT_GENERIC_FIELD_PILLAR; mm; 0x10100; grotto-exit;NONE; areas;MM Pillar Grotto; MM Termina Field; reverse; MM_GROTTO_GENERIC_FIELD_PILLAR;;;;;;
MM_GROTTO_EXIT_GENERIC_GRASS; mm; 0x10101; grotto-exit;NONE; areas;MM Grass Grotto; MM Termina Field; reverse; MM_GROTTO_GENERIC_GRASS;;;;;;
MM_GROTTO_EXIT_GENERIC_PATH_SWAMP; mm; 0x10102; grotto-exit;NONE; areas;MM Road to Southern Swamp Grotto; MM Road to Southern Swamp; reverse; MM_GROTTO_GENERIC_PATH_SWAMP;;;;;;
MM_GROTTO_EXIT_GENERIC_WOODS; mm; 0x10103; grotto-exit;NONE; areas;MM Woods of Mystery Grotto; MM Near Woods of Mystery Grotto; reverse; MM_GROTTO_GENERIC_WOODS;;;;;;
MM_GROTTO_EXIT_GENERIC_SWAMP; mm; 0x10104; grotto-exit;NONE; areas;MM Southern Swamp Grotto; MM Near Swamp Grotto; reverse; MM_GROTTO_GENERIC_SWAMP;;;;;;
MM_GROTTO_EXIT_GENERIC_MOUNTAIN_VILLAGE; mm; 0x10105; grotto-exit;NONE; areas;MM Mountain Village Grotto; MM Near Village Grotto; reverse; MM_GROTTO_GENERIC_MOUNTAIN_VILLAGE;;;;;;
MM_GROTTO_EXIT_GENERIC_TWIN_ISLANDS; mm; 0x10106; grotto-exit;NONE; areas;MM Twin Islands Ramp Grotto; MM Near Ramp Grotto; reverse; MM_GROTTO_GENERIC_TWIN_ISLANDS;;;;;;
MM_GROTTO_EXIT_GENERIC_PATH_SNOWHEAD; mm; 0x10107; grotto-exit;NONE; areas;MM Path to Snowhead Grotto; MM Path to Snowhead Back; reverse; MM_GROTTO_GENERIC_PATH_SNOWHEAD;;;;;;
MM_GROTTO_EXIT_GENERIC_GREAT_BAY_COAST; mm; 0x10108; grotto-exit;NONE; areas;MM Great Bay Grotto; MM Great Bay Coast; reverse; MM_GROTTO_GENERIC_GREAT_BAY_COAST;;;;;;
MM_GROTTO_EXIT_GENERIC_ZORA_CAPE; mm; 0x10109; grotto-exit;NONE; areas;MM Zora Cape Grotto; MM Zora Cape; reverse; MM_GROTTO_GENERIC_ZORA_CAPE;;;;;;
MM_GROTTO_EXIT_GENERIC_PATH_IKANA; mm; 0x1010a; grotto-exit;NONE; areas;MM Road to Ikana Grotto; MM Road to Ikana Front; reverse; MM_GROTTO_GENERIC_PATH_IKANA;;;;;;
MM_GROTTO_EXIT_GENERIC_GRAVEYARD; mm; 0x1010b; grotto-exit;NONE; areas;MM Ikana Graveyard Grotto; MM Ikana Graveyard; reverse; MM_GROTTO_GENERIC_GRAVEYARD;;;;;;
MM_GROTTO_EXIT_GENERIC_VALLEY; mm; 0x1010c; grotto-exit;NONE; areas;MM Ikana Valley Grotto; MM Ikana Valley Near Secret Shrine; reverse; MM_GROTTO_GENERIC_VALLEY;;;;;;
MM_GROTTO_EXIT_COW_FIELD; mm; 0x1010d; grotto-exit;NONE; areas;MM Termina Field Cow Grotto; MM Termina Field; reverse; MM_GROTTO_COW_FIELD;;;;;;
MM_GROTTO_EXIT_COW_COAST; mm; 0x1010e; grotto-exit;NONE; areas;MM Great Bay Cow Grotto; MM GBC Near Cow Grotto; reverse; MM_GROTTO_COW_COAST;;;;;;
MM_GROTTO_EXIT_GOSSIPS_MOUNTAIN; mm; 0x1010f; grotto-exit;NONE; areas;MM Mountain Gossip Grotto; MM Termina Field; reverse; MM_GROTTO_GOSSIPS_MOUNTAIN;;;;;;
MM_GROTTO_EXIT_GOSSIPS_CANYON; mm; 0x10110; grotto-exit;NONE; areas;MM Canyon Gossip Grotto; MM Termina Field; reverse; MM_GROTTO_GOSSIPS_CANYON;;;;;;
MM_GROTTO_EXIT_GOSSIPS_OCEAN; mm; 0x10111; grotto-exit;NONE; areas;MM Ocean Gossip Grotto; MM Termina Field; reverse; MM_GROTTO_GOSSIPS_OCEAN;;;;;;
MM_GROTTO_EXIT_GOSSIPS_SWAMP; mm; 0x10112; grotto-exit;NONE; areas;MM Swamp Gossip Grotto; MM Termina Field; reverse; MM_GROTTO_GOSSIPS_SWAMP;;;;;;
MM_GROTTO_EXIT_DODONGO; mm; 0x10113; grotto-exit;NONE; areas;MM Dodongo Grotto; MM Termina Field; reverse; MM_GROTTO_DODONGO;;;;;;
MM_GROTTO_EXIT_SCRUB; mm; 0x10114; grotto-exit;NONE; areas;MM Scrub Grotto; MM Termina Field; reverse; MM_GROTTO_SCRUB;;;;;;
MM_GROTTO_EXIT_PEAHAT; mm; 0x10115; grotto-exit;NONE; areas;MM Peahat Grotto; MM Termina Field; reverse; MM_GROTTO_PEAHAT;;;;;;
MM_GROTTO_EXIT_BIO_BABA; mm; 0x10116; grotto-exit;NONE; areas;MM Bio Baba Grotto; MM Termina Field; reverse; MM_GROTTO_BIO_BABA;;;;;;
MM_GROTTO_EXIT_HOT_WATER; mm; 0x10117; grotto-exit;NONE; areas;MM Twin Islands Frozen Grotto; MM Twin Islands; reverse; MM_GROTTO_HOT_WATER;;;;;;
MM_GROTTO_EXIT_BEAN; mm; 0x5090; grotto-exit;NONE; areas;MM Deku Palace Beans Grotto; MM Deku Palace Near Beans Grotto; reverse; MM_GROTTO_BEAN;;;;;;
MM_GROTTO_EXIT_DEKU_PLAYGROUND; mm; 0xd640; grotto-exit;NONE; areas;MM Deku Playground; MM Clock Town North; reverse; MM_GROTTO_DEKU_PLAYGROUND;;;;;;
MM_GROTTO_EXIT_JP_CLIMB_LEFT; mm; 0x5060; grotto-exit;NONE; areas;MM JP Grotto Climb Left; MM Deku Palace Near JP Grotto Climb Left; reverse; MM_GROTTO_JP_CLIMB_LEFT;;;;;;
MM_GROTTO_EXIT_JP_CLIMB_RIGHT; mm; 0x50a0; grotto-exit;NONE; areas;MM JP Grotto Climb Right; MM Deku Palace Near JP Grotto Climb Right; reverse; MM_GROTTO_JP_CLIMB_RIGHT;;;;;;
MM_GROTTO_EXIT_JP_LINE_START; mm; 0x5070; grotto-exit;NONE; areas;MM JP Grotto Line Start; MM Deku Palace Near JP Grotto Line Start;reverse; MM_GROTTO_JP_LINE_START;;;;;;
MM_GROTTO_EXIT_JP_LINE_END; mm; 0x5080; grotto-exit;NONE; areas;MM JP Grotto Line End; MM Deku Palace Corner Ledge Top; reverse; MM_GROTTO_JP_LINE_END;;;;;;
MM_GRAVE_EXIT_NIGHT1; mm; 0x8030; grave-exit;MM_BENEATH_GRAVEYARD; areas;MM Beneath The Graveyard Night 1; MM Ikana Graveyard; reverse; MM_GRAVE_NIGHT1;;;;;;
MM_GRAVE_EXIT_NIGHT2; mm; 0x8020; grave-exit;MM_BENEATH_GRAVEYARD; areas;MM Beneath The Graveyard Night 2; MM Ikana Graveyard; reverse; MM_GRAVE_NIGHT2;;;;;;
MM_GRAVE_EXIT_NIGHT3; mm; 0x8010; grave-exit;MM_BENEATH_GRAVEYARD_DAMPE; areas;MM Beneath The Graveyard Night 3 Fake Exit; MM Ikana Graveyard; reverse; MM_GRAVE_NIGHT3;;;;;;
MM_VOID_GREAT_BAY; mm; 0x6820; one-way-water-void;NONE; areas;MM Great Bay Coast Water Void; MM VOID};;;;;;;;
MM_VOID_GREAT_BAY_BY_PINNACLE_ROCK; mm; 0x6860; one-way-water-void;NONE; areas;MM Great Bay Coast Near Pinnacle Water Void; MM VOID};;;;;;;;
MM_VOID_ZORA_CAPE; mm; 0x6a30; one-way-water-void;NONE; areas;MM Zora Cape Water Void; MM VOID};;;;;;;;
MM_VOID_PINNACLE_ROCK; mm; 0x4410; one-way-water-void;NONE; areas;MM Pinnacle Rock Water Void; MM VOID};;;;;;;;
MM_MOON; mm; 0xc800; none;COMMON;;;;;;;;;;;
MM_CLOCK_TOWN_FROM_SONG_OF_TIME; mm; 0x1c00; none;;;;;;;;;;;;
MM_CLOCK_TOWER_MOON_CRASH; mm; 0xc030; none;;;;;;;;;;;;
MM_CLOCK_TOWN_FROM_CLOCK_TOWER; mm; 0xd800; indoors-link;NONE; areas;MM Clock Tower; MM Clock Town From Clock Tower; flags;no-sot; reverse; MM_CLOCK_TOWER_FROM_CLOCK_TOWN; debug;COMMON; Clock Town;
MM_CLOCK_TOWER_FROM_CLOCK_TOWN; mm; 0xc010; none;MM_CLOCK_TOWN; areas;MM Clock Town Near Clock Tower; MM Clock Tower; reverse; MM_CLOCK_TOWN_FROM_CLOCK_TOWER;;;;;;
MM_COAST_FROM_MIKAU_CS; mm; 0x68a0; none;;;;;;;;;;;;
MM_GROTTO_TYPE_GENERIC; mm; 0x1440; none;;;;;;;;;;;;
MM_GROTTO_TYPE_COW; mm; 0x14a0; none;;;;;;;;;;;;
MM_IKANA_GRAVEYARD_FROM_DAMPE; mm; 0x8040; none;;;;;;;;;;;;
MM_MILK_ROAD_FROM_RANCH2; mm; 0x3e50; none;;;;;;;;;;;;
MM_MILK_ROAD_FROM_GORMAN_TRACK2; mm; 0x3e60; none;;;;;;;;;;;;
MM_GORMAN_TRACK_UNK2; mm; 0xce10; none;;;;;;;;;;;;
MM_GORMAN_TRACK_UNK3; mm; 0xce20; none;;;;;;;;;;;;
MM_GORMAN_TRACK_UNK5; mm; 0xce40; none;;;;;;;;;;;;
MM_GORMAN_TRACK_UNK6; mm; 0xce50; none;;;;;;;;;;;;
MM_GORON_RACETRACK_ALT; mm; 0xd010; none;;;;;;;;;;;;
MM_INTERNAL_EXIT_GROTTO; mm; 0xffff; none;;;;;;;;;;;;
MM_LOST_WOODS; mm; 0xc400; none;MM_LOST_WOODS;;;;;;;;;;;
