{ 0x1, "5 Bombs (OoT)", EGameIcon::bomb },
{ 0x2, "5 Deku Nuts (OoT)", EGameIcon::nut },
{ 0x3, "10 Bombchu (OoT)", EGameIcon::bombchu },
{ 0x4, "Fairy Bow (OoT)", EGameIcon::bow_oot },
{ 0x5, "Fairy Slingshot", EGameIcon::slingshot },
{ 0x6, "Boomerang", EGameIcon::boomrang },
{ 0x7, "Deku Stick (OoT)", EGameIcon::stick },
{ 0x8, "Progressive Hookshot (OoT)", EGameIcon::none },
{ 0x9, "Longshot (OoT)", EGameIcon::longshot },
{ 0xA, "Lens of Truth (OoT)", EGameIcon::lens },
{ 0xB, "Zelda's Letter", EGameIcon::letter },
{ 0xC, "Ocarina of Time (OoT)", EGameIcon::ocarina },
{ 0xD, "Megaton Hammer (OoT)", EGameIcon::hammer },
{ 0xE, "Cojiro", EGameIcon::cojiro },
{ 0xF, "Empty Bottle (OoT)", EGameIcon::bottle },
{ 0x10, "Red Potion (OoT)", EGameIcon::red_potion },
{ 0x11, "Green Potion (OoT)", EGameIcon::green_potion },
{ 0x12, "Blue Potion (OoT)", EGameIcon::blue_potion },
{ 0x13, "Fairy (OoT)", EGameIcon::fairy },
{ 0x14, "Bottle of Milk (OoT)", EGameIcon::milk },
{ 0x15, "Ruto's Letter", EGameIcon::ruto },
{ 0x16, "Magic Beans (OoT)", EGameIcon::bean },
{ 0x17, "Skull Mask", EGameIcon::skull },
{ 0x18, "Spooky Mask", EGameIcon::spooky },
{ 0x19, "Chicken", EGameIcon::cucco },
{ 0x1A, "Keaton Mask (OoT)", EGameIcon::keaton },
{ 0x1B, "Bunny Hood (OoT)", EGameIcon::bunny },
{ 0x1C, "Mask of Truth (OoT)", EGameIcon::truth },
{ 0x1D, "Pocket Egg", EGameIcon::egg },
{ 0x1E, "Pocket Cucco", EGameIcon::cucco },
{ 0x1F, "Odd Mushroom", EGameIcon::mushroom },
{ 0x20, "Odd Potion", EGameIcon::potion },
{ 0x21, "Poacher's Saw", EGameIcon::saw },
{ 0x22, "Broken Goron's Sword", EGameIcon::biggoron },
{ 0x23, "Prescription", EGameIcon::prescription },
{ 0x24, "Eyeball Frog", EGameIcon::frog },
{ 0x25, "Eye Drops", EGameIcon::eye_drops },
{ 0x26, "Claim Check", EGameIcon::claim },
{ 0x27, "Kokiri Sword (OoT)", EGameIcon::kokiri },
{ 0x28, "Giant's Knife", EGameIcon::biggoron },
{ 0x29, "Deku Shield (OoT)", EGameIcon::deku_shield },
{ 0x2A, "Hylian Shield", EGameIcon::hylian_shield },
{ 0x2B, "Mirror Shield (OoT)", EGameIcon::mirror_oot },
{ 0x2C, "Goron Tunic (OoT)", EGameIcon::goron_tunic },
{ 0x2D, "Zora Tunic (OoT)", EGameIcon::zora_tunic },
{ 0x2E, "Iron Boots (OoT)", EGameIcon::iron },
{ 0x2F, "Hover Boots (OoT)", EGameIcon::hover },
{ 0x30, "Big Quiver (OoT)", EGameIcon::big_quiver },
{ 0x31, "Biggest Quiver (OoT)", EGameIcon::biggest_quiver },
{ 0x32, "Bomb Bag (OoT)", EGameIcon::bomb_bag },
{ 0x33, "Big Bomb Bag (OoT)", EGameIcon::big_bomb },
{ 0x34, "Biggest Bomb Bag (OoT)", EGameIcon::biggest_bomb },
{ 0x35, "Silver Gauntlets (OoT)", EGameIcon::silver_gauntlet },
{ 0x36, "Golden Gauntlets (OoT)", EGameIcon::golden_gauntlet },
{ 0x37, "Silver Scale (OoT)", EGameIcon::silver },
{ 0x38, "Golden Scale (OoT)", EGameIcon::golden },
{ 0x39, "Stone of Agony (OoT)", EGameIcon::agony },
{ 0x3A, "Gerudo's Membership Card", EGameIcon::card },
{ 0x3B, "Fairy Ocarina (OoT)", EGameIcon::fairy_ocarina },
{ 0x3C, "5 Deku Seeds (OoT)", EGameIcon::seeds },
{ 0x3D, "Heart Container (OoT)", EGameIcon::heart_container },
{ 0x3E, "Piece of Heart (OoT)", EGameIcon::heart_piece },
{ 0x3F, "Boss Key (OoT)", EGameIcon::boss_key },
{ 0x40, "Compass (OoT)", EGameIcon::compass },
{ 0x41, "Map (OoT)", EGameIcon::map },
{ 0x42, "Small Key (OoT)", EGameIcon::small_key },
{ 0x43, "Small Magic Jar (OoT)", EGameIcon::magic },
{ 0x44, "Large Magic Jar (OoT)", EGameIcon::double_magic },
{ 0x45, "Adult's Wallet (OoT)", EGameIcon::wallet },
{ 0x46, "Giant's Wallet (OoT)", EGameIcon::big_wallet },
{ 0x47, "Weird Egg", EGameIcon::egg },
{ 0x48, "Recovery Heart (OoT)", EGameIcon::heart },
{ 0x49, "5 Arrows (OoT)", EGameIcon::arrow },
{ 0x4A, "10 Arrows (OoT)", EGameIcon::arrow },
{ 0x4B, "30 Arrows (OoT)", EGameIcon::arrow },
{ 0x4C, "Green Rupee (OoT)", EGameIcon::rupee },
{ 0x4D, "Blue Rupee (OoT)", EGameIcon::blue_rupee },
{ 0x4E, "Red Rupee (OoT)", EGameIcon::red_rupee },
{ 0x4F, "Heart Container (OoT)", EGameIcon::heart_container },
{ 0x50, "Lon Lon Milk (OoT)", EGameIcon::milk },
{ 0x51, "Goron Mask (OoT)", EGameIcon::goron },
{ 0x52, "Zora Mask (OoT)", EGameIcon::zora },
{ 0x53, "Gerudo Mask", EGameIcon::gerudo },
{ 0x54, "Goron's Bracelet (OoT)", EGameIcon::bracelet },
{ 0x55, "Purple Rupee (OoT)", EGameIcon::purple_rupee },
{ 0x56, "Gold Rupee (OoT)", EGameIcon::gold_rupee },
{ 0x57, "Biggoron's Sword", EGameIcon::biggoron },
{ 0x58, "Fire Arrows (OoT)", EGameIcon::fire_arrow },
{ 0x59, "Ice Arrows (OoT)", EGameIcon::ice_arrow },
{ 0x5A, "Light Arrows (OoT)", EGameIcon::light_arrow },
{ 0x5B, "Gold Skulltula Token", EGameIcon::gs_token },
{ 0x5C, "Din's Fire (OoT)", EGameIcon::din },
{ 0x5D, "Farore's Wind (OoT)", EGameIcon::farore },
{ 0x5E, "Nayru's Love (OoT)", EGameIcon::nayru },
{ 0x5F, "Bullet Bag", EGameIcon::big_seed },
{ 0x60, "Large Bullet Bag", EGameIcon::biggest_seed },
{ 0x61, "5 Deku Sticks (OoT)", EGameIcon::stick },
{ 0x62, "10 Deku Sticks (OoT)", EGameIcon::stick },
{ 0x63, "5 Deku Nuts (OoT)", EGameIcon::nut },
{ 0x64, "10 Deku Nuts (OoT)", EGameIcon::nut },
{ 0x65, "Bomb (OoT)", EGameIcon::bomb },
{ 0x66, "10 Bombs (OoT)", EGameIcon::bomb },
{ 0x67, "20 Bombs (OoT)", EGameIcon::bomb },
{ 0x68, "30 Bombs (OoT)", EGameIcon::bomb },
{ 0x69, "30 Deku Seeds", EGameIcon::seeds },
{ 0x6A, "5 Bombchu (OoT)", EGameIcon::bombchu },
{ 0x6B, "20 Bombchu (OoT)", EGameIcon::bombchu },
{ 0x6C, "Fish (OoT)", EGameIcon::bottled_fish },
{ 0x6D, "Bugs (OoT)", EGameIcon::bottled_bugs },
{ 0x6E, "Blue Fire", EGameIcon::blue_fire },
{ 0x6F, "Poe (OoT)", EGameIcon::bottled_poe },
{ 0x70, "Big Poe (OoT)", EGameIcon::bottled_big_poe },
{ 0x71, "Small Key (OoT)", EGameIcon::small_key },
{ 0x72, "Green Rupee (OoT)", EGameIcon::rupee },
{ 0x73, "Blue Rupee (OoT)", EGameIcon::blue_rupee },
{ 0x74, "Red Rupee (OoT)", EGameIcon::red_rupee },
{ 0x75, "Purple Rupee (OoT)", EGameIcon::purple_rupee },
{ 0x76, "Piece of Heart (OoT)", EGameIcon::heart_piece },
{ 0x77, "Deku Stick Upgrade (OoT)", EGameIcon::stick_upgrade_1 },
{ 0x78, "Second Deku Stick Upgrade (OoT)", EGameIcon::stick_upgrade_2 },
{ 0x79, "Deku Nut Upgrade (OoT)", EGameIcon::nut_upgrade_1 },
{ 0x7A, "Second Deku Nut Upgrade (OoT)", EGameIcon::nut_upgrade_2 },
{ 0x7B, "Largest Bullet Bag", EGameIcon::biggest_seed },
{ 0x7C, "Ice Trap (OoT)", EGameIcon::ice_trap },
{ 0x7D, "Unknown", EGameIcon::none },
{ 0x7E, "Unknown", EGameIcon::none },
{ 0x7F, "Unknown", EGameIcon::none },
{ 0x80, "Rainbow Rupee (OoT)", EGameIcon::rainbow },
{ 0x81, "Minuet of Forest", EGameIcon::song_green },
{ 0x82, "Bolero of Fire", EGameIcon::song_red },
{ 0x83, "Serenade of Water", EGameIcon::song_blue },
{ 0x84, "Requiem of Spirit", EGameIcon::song_orange },
{ 0x85, "Nocturne of Shadow", EGameIcon::song_purple },
{ 0x86, "Prelude of Light", EGameIcon::song_yellow },
{ 0x87, "Zelda's Lullaby", EGameIcon::song },
{ 0x88, "Epona's Song (OoT)", EGameIcon::song },
{ 0x89, "Saria's Song", EGameIcon::song },
{ 0x8A, "Sun's Song (OoT)", EGameIcon::song },
{ 0x8B, "Song of Time (OoT)", EGameIcon::song },
{ 0x8C, "Song of Storms (OoT)", EGameIcon::song },
{ 0x8D, "Elegy of Emptiness (OoT)", EGameIcon::song_orange },
{ 0x8E, "Note from Minuet of Forest (OoT)", EGameIcon::song_green },
{ 0x8F, "Note from Bolero of Fire (OoT)", EGameIcon::song_red },
{ 0x90, "Note from Serenade of Water (OoT)", EGameIcon::song_blue },
{ 0x91, "Note from Requiem of Spirit (OoT)", EGameIcon::song_orange },
{ 0x92, "Note from Nocturne of Shadow (OoT)", EGameIcon::song_purple },
{ 0x93, "Note from Prelude of Light (OoT)", EGameIcon::song_yellow },
{ 0x94, "Note from Zelda's Lullaby (OoT)", EGameIcon::song },
{ 0x95, "Note from Epona's Song (OoT)", EGameIcon::song },
{ 0x96, "Note from Saria's Song (OoT)", EGameIcon::song },
{ 0x97, "Note from Sun's Song (OoT)", EGameIcon::song },
{ 0x98, "Note from Song of Time (OoT)", EGameIcon::song },
{ 0x99, "Note from Song of Storms (OoT)", EGameIcon::song },
{ 0x9A, "Note from Elegy of Emptiness (OoT)", EGameIcon::song_orange },
{ 0x9B, "Master Sword", EGameIcon::master },
{ 0x9C, "Kokiri's Emerald", EGameIcon::emerald },
{ 0x9D, "Goron's Ruby", EGameIcon::ruby },
{ 0x9E, "Zora's Sapphire", EGameIcon::sapphire },
{ 0x9F, "Forest Medallion", EGameIcon::forest },
{ 0xA0, "Fire Medallion", EGameIcon::fire },
{ 0xA1, "Water Medallion", EGameIcon::water },
{ 0xA2, "Spirit Medallion", EGameIcon::spirit },
{ 0xA3, "Shadow Medallion", EGameIcon::shadow },
{ 0xA4, "Light Medallion", EGameIcon::light },
{ 0xA5, "Magic Upgrade (OoT)", EGameIcon::magic_upgrade },
{ 0xA6, "Larger Magic Upgrade (OoT)", EGameIcon::large_magic_upgrade },
{ 0xA7, "Double Defense (OoT)", EGameIcon::defense },
{ 0xA8, "Progressive Deku Shield (OoT)", EGameIcon::deku_shield },
{ 0xA9, "Progressive Hylian Shield", EGameIcon::hylian_shield },
{ 0xAA, "Small Key (Forest Temple)", EGameIcon::small_key },
{ 0xAB, "Small Key (Fire Temple)", EGameIcon::small_key },
{ 0xAC, "Small Key (Water Temple)", EGameIcon::small_key },
{ 0xAD, "Small Key (Spirit Temple)", EGameIcon::small_key },
{ 0xAE, "Small Key (Shadow Temple)", EGameIcon::small_key },
{ 0xAF, "Small Key (Ganon's Castle)", EGameIcon::small_key },
{ 0xB0, "Small Key (Bottom of the Well)", EGameIcon::small_key },
{ 0xB1, "Small Key (Gerudo's Fortress)", EGameIcon::small_key },
{ 0xB2, "Small Key (Gerudo's Training Ground)", EGameIcon::small_key },
{ 0xB3, "Boss Key (Forest Temple)", EGameIcon::boss_key },
{ 0xB4, "Boss Key (Fire Temple)", EGameIcon::boss_key },
{ 0xB5, "Boss Key (Water Temple)", EGameIcon::boss_key },
{ 0xB6, "Boss Key (Spirit Temple)", EGameIcon::boss_key },
{ 0xB7, "Boss Key (Shadow Temple)", EGameIcon::boss_key },
{ 0xB8, "Boss Key (Ganon's Castle)", EGameIcon::boss_key },
{ 0xB9, "Map (Deku Tree)", EGameIcon::map },
{ 0xBA, "Map (Dodongo's Cavern)", EGameIcon::map },
{ 0xBB, "Map (Jabu-Jabu's Belly)", EGameIcon::map },
{ 0xBC, "Map (Forest Temple)", EGameIcon::map },
{ 0xBD, "Map (Fire Temple)", EGameIcon::map },
{ 0xBE, "Map (Water Temple)", EGameIcon::map },
{ 0xBF, "Map (Spirit Temple)", EGameIcon::map },
{ 0xC0, "Map (Shadow Temple)", EGameIcon::map },
{ 0xC1, "Map (Bottom of the Well)", EGameIcon::map },
{ 0xC2, "Map (Ice Cavern)", EGameIcon::map },
{ 0xC3, "Compass (Deku Tree)", EGameIcon::compass },
{ 0xC4, "Compass (Dodongo's Cavern)", EGameIcon::compass },
{ 0xC5, "Compass (Jabu-Jabu's Belly)", EGameIcon::compass },
{ 0xC6, "Compass (Forest Temple)", EGameIcon::compass },
{ 0xC7, "Compass (Fire Temple)", EGameIcon::compass },
{ 0xC8, "Compass (Water Temple)", EGameIcon::compass },
{ 0xC9, "Compass (Spirit Temple)", EGameIcon::compass },
{ 0xCA, "Compass (Shadow Temple)", EGameIcon::compass },
{ 0xCB, "Compass (Bottom of the Well)", EGameIcon::compass },
{ 0xCC, "Compass (Ice Cavern)", EGameIcon::compass },
{ 0xCD, "Child's Wallet (OoT)", EGameIcon::child_wallet },
{ 0xCE, "Colossal Wallet (OoT)", EGameIcon::colossal_wallet },
{ 0xCF, "Triforce Piece", EGameIcon::triforce_piece },
{ 0xD0, "Bottomless Wallet (OoT)", EGameIcon::bottomless_wallet },
{ 0xD1, "Silver Rupee (Dodongo's Cavern)", EGameIcon::sr },
{ 0xD2, "Silver Rupee (Bottom of the Well)", EGameIcon::sr },
{ 0xD3, "Silver Rupee (Spirit Temple - Child)", EGameIcon::sr },
{ 0xD4, "Silver Rupee (Spirit Temple - Sun Block)", EGameIcon::sr },
{ 0xD5, "Silver Rupee (Spirit Temple - Boulders)", EGameIcon::sr },
{ 0xD6, "Silver Rupee (Spirit Temple - Lobby)", EGameIcon::sr },
{ 0xD7, "Silver Rupee (Spirit Temple - Adult)", EGameIcon::sr },
{ 0xD8, "Silver Rupee (Shadow Temple - Scythe)", EGameIcon::sr },
{ 0xD9, "Silver Rupee (Shadow Temple - Large Pits)", EGameIcon::sr },
{ 0xDA, "Silver Rupee (Shadow Temple - Spikes)", EGameIcon::sr },
{ 0xDB, "Silver Rupee (Shadow Temple - Invisible Blades)", EGameIcon::sr },
{ 0xDC, "Silver Rupee (Ice Cavern - Scythe)", EGameIcon::sr },
{ 0xDD, "Silver Rupee (Ice Cavern - Block)", EGameIcon::sr },
{ 0xDE, "Silver Rupee (Gerudo Training Ground - Slopes)", EGameIcon::sr },
{ 0xDF, "Silver Rupee (Gerudo Training Ground - Lava)", EGameIcon::sr },
{ 0xE0, "Silver Rupee (Gerudo Training Ground - Water)", EGameIcon::sr },
{ 0xE1, "Silver Rupee (Ganon's Castle - Spirit Trial)", EGameIcon::sr },
{ 0xE2, "Silver Rupee (Ganon's Castle - Light Trial)", EGameIcon::sr },
{ 0xE3, "Silver Rupee (Ganon's Castle - Fire Trial)", EGameIcon::sr },
{ 0xE4, "Silver Rupee (Ganon's Castle - Forest Trial)", EGameIcon::sr },
{ 0xE5, "Silver Rupee (Ganon's Castle - Shadow Trial)", EGameIcon::sr },
{ 0xE6, "Silver Rupee (Ganon's Castle - Water Trial)", EGameIcon::sr },
{ 0xE7, "Soul of Stalfos (OoT)", EGameIcon::soul_of_foe },
{ 0xE8, "Soul of Octoroks (OoT)", EGameIcon::soul_of_foe },
{ 0xE9, "Soul of Wallmasters (OoT)", EGameIcon::soul_of_foe },
{ 0xEA, "Soul of Dodongos (OoT)", EGameIcon::soul_of_foe },
{ 0xEB, "Soul of Keese (OoT)", EGameIcon::soul_of_foe },
{ 0xEC, "Soul of Tektites (OoT)", EGameIcon::soul_of_foe },
{ 0xED, "Soul of Leevers (OoT)", EGameIcon::soul_of_foe },
{ 0xEE, "Soul of Peahats (OoT)", EGameIcon::soul_of_foe },
{ 0xEF, "Soul of Lizalfos/Dinolfos (OoT)", EGameIcon::soul_of_foe },
{ 0xF0, "Soul of Gohma Larvaes", EGameIcon::soul_of_foe },
{ 0xF1, "Soul of Shaboms", EGameIcon::soul_of_foe },
{ 0xF2, "Soul of Baby Dodongos", EGameIcon::soul_of_foe },
{ 0xF3, "Soul of Dark Link", EGameIcon::soul_of_foe },
{ 0xF4, "Soul of Biris/Baris", EGameIcon::soul_of_foe },
{ 0xF5, "Soul of Tailpasarans", EGameIcon::soul_of_foe },
{ 0xF6, "Soul of Jabu-Jabu's Parasites", EGameIcon::soul_of_foe },
{ 0xF7, "Soul of Skulltulas (OoT)", EGameIcon::soul_of_foe },
{ 0xF8, "Soul of Torch Slugs", EGameIcon::soul_of_foe },
{ 0xF9, "Soul of Moblins", EGameIcon::soul_of_foe },
{ 0xFA, "Soul of Armos (OoT)", EGameIcon::soul_of_foe },
{ 0xFB, "Soul of Deku Babas (OoT)", EGameIcon::soul_of_foe },
{ 0xFC, "Soul of Deku Scrubs (OoT)", EGameIcon::soul_of_foe },
{ 0xFD, "Soul of Bubbles (OoT)", EGameIcon::soul_of_foe },
{ 0xFE, "Soul of Beamos (OoT)", EGameIcon::soul_of_foe },
{ 0xFF, "Soul of Floormasters (OoT)", EGameIcon::soul_of_foe },
{ 0x100, "Soul of ReDeads/Gibdos (OoT)", EGameIcon::soul_of_foe },
{ 0x101, "Soul of Skullwalltulas (OoT)", EGameIcon::soul_of_foe },
{ 0x102, "Soul of Flare Dancers", EGameIcon::soul_of_foe },
{ 0x103, "Soul of Dead Hands", EGameIcon::soul_of_foe },
{ 0x104, "Soul of Shell Blades (OoT)", EGameIcon::soul_of_foe },
{ 0x105, "Soul of Like Likes (OoT)", EGameIcon::soul_of_foe },
{ 0x106, "Soul of Spikes", EGameIcon::soul_of_foe },
{ 0x107, "Soul of Anubis", EGameIcon::soul_of_foe },
{ 0x108, "Soul of Iron Knuckles (OoT)", EGameIcon::soul_of_foe },
{ 0x109, "Soul of Skull Kids (OoT)", EGameIcon::soul_of_foe },
{ 0x10A, "Soul of Flying Pots (OoT)", EGameIcon::soul_of_foe },
{ 0x10B, "Soul of Freezards (OoT)", EGameIcon::soul_of_foe },
{ 0x10C, "Soul of Stingers", EGameIcon::soul_of_foe },
{ 0x10D, "Soul of Wolfoses (OoT)", EGameIcon::soul_of_foe },
{ 0x10E, "Soul of Stalchildren (OoT)", EGameIcon::soul_of_foe },
{ 0x10F, "Soul of Guays (OoT)", EGameIcon::soul_of_foe },
{ 0x110, "Soul of the Fighting Gerudos", EGameIcon::soul_of_foe },
{ 0x111, "Soul of Poes (OoT)", EGameIcon::soul_of_foe },
{ 0x112, "Soul of Queen Gohma", EGameIcon::soul_of_boss },
{ 0x113, "Soul of King Dodongo", EGameIcon::soul_of_boss },
{ 0x114, "Soul of Barinade", EGameIcon::soul_of_boss },
{ 0x115, "Soul of Phantom Ganon", EGameIcon::soul_of_boss },
{ 0x116, "Soul of Volvagia", EGameIcon::soul_of_boss },
{ 0x117, "Soul of Morpha", EGameIcon::soul_of_boss },
{ 0x118, "Soul of Bongo Bongo", EGameIcon::soul_of_boss },
{ 0x119, "Soul of Twinrova", EGameIcon::soul_of_boss },
{ 0x11A, "Soul of Saria", EGameIcon::soul_of_npc },
{ 0x11B, "Soul of Darunia", EGameIcon::soul_of_npc },
{ 0x11C, "Soul of Ruto (OoT)", EGameIcon::soul_of_npc },
{ 0x11D, "Soul of King Zora", EGameIcon::soul_of_npc },
{ 0x11E, "Soul of Zelda", EGameIcon::soul_of_npc },
{ 0x11F, "Soul of Sheik", EGameIcon::soul_of_npc },
{ 0x120, "Soul of Cucco Lady (OoT)", EGameIcon::soul_of_npc },
{ 0x121, "Soul of Carpenters (OoT)", EGameIcon::soul_of_npc },
{ 0x122, "Soul of Guru-Guru (OoT)", EGameIcon::soul_of_npc },
{ 0x123, "Soul of Mido", EGameIcon::soul_of_npc },
{ 0x124, "Soul of Kokiri", EGameIcon::soul_of_npc },
{ 0x125, "Soul of Kokiri Shopkeeper", EGameIcon::soul_of_npc },
{ 0x126, "Soul of Hylian Guard", EGameIcon::soul_of_npc },
{ 0x127, "Soul of the Citizens (OoT)", EGameIcon::soul_of_npc },
{ 0x128, "Soul of Malon (OoT)", EGameIcon::soul_of_npc },
{ 0x129, "Soul of Talon (OoT)", EGameIcon::soul_of_npc },
{ 0x12A, "Soul of Fishing Pond Owner (OoT)", EGameIcon::soul_of_npc },
{ 0x12B, "Soul of Goron (OoT)", EGameIcon::soul_of_npc },
{ 0x12C, "Soul of Medigoron (OoT)", EGameIcon::soul_of_npc },
{ 0x12D, "Soul of Biggoron (OoT)", EGameIcon::soul_of_npc },
{ 0x12E, "Soul of Goron Child (OoT)", EGameIcon::soul_of_npc },
{ 0x12F, "Soul of Goron Shopkeeper (OoT)", EGameIcon::soul_of_npc },
{ 0x130, "Soul of Zora (OoT)", EGameIcon::soul_of_npc },
{ 0x131, "Soul of Zora Shopkeeper (OoT)", EGameIcon::soul_of_npc },
{ 0x132, "Soul of Bazaar Shopkeeper (OoT)", EGameIcon::soul_of_npc },
{ 0x133, "Soul of Bombchu Shopkeeper (OoT)", EGameIcon::soul_of_npc },
{ 0x134, "Soul of Potion Shopkeeper", EGameIcon::soul_of_npc },
{ 0x135, "Soul of Bombchu Bowling Lady (OoT)", EGameIcon::soul_of_npc },
{ 0x136, "Soul of Chest Game Owner (OoT)", EGameIcon::soul_of_npc },
{ 0x137, "Soul of Shooting Gallery Owner (OoT)", EGameIcon::soul_of_npc },
{ 0x138, "Soul of Dampe (OoT)", EGameIcon::soul_of_npc },
{ 0x139, "Soul of Graveyard Kid (OoT)", EGameIcon::soul_of_npc },
{ 0x13A, "Soul of Poe Collector (OoT)", EGameIcon::soul_of_npc },
{ 0x13B, "Soul of Composer Bros. (OoT)", EGameIcon::soul_of_npc },
{ 0x13C, "Soul of Honey & Darling (OoT)", EGameIcon::soul_of_npc },
{ 0x13D, "Soul of the Astronomer (OoT)", EGameIcon::soul_of_npc },
{ 0x13E, "Soul of the Rooftop Man (OoT)", EGameIcon::soul_of_npc },
{ 0x13F, "Soul of the Bean Salesman (OoT)", EGameIcon::soul_of_npc },
{ 0x140, "Soul of the Scientist (OoT)", EGameIcon::soul_of_npc },
{ 0x141, "Soul of Ingo (OoT)", EGameIcon::soul_of_npc },
{ 0x142, "Soul of the Punk Kid (OoT)", EGameIcon::soul_of_npc },
{ 0x143, "Soul of the Dog Lady (OoT)", EGameIcon::soul_of_npc },
{ 0x144, "Soul of the Carpet Man (OoT)", EGameIcon::soul_of_npc },
{ 0x145, "Soul of the Old Hag (OoT)", EGameIcon::soul_of_npc },
{ 0x146, "Soul of the Beggar (OoT)", EGameIcon::soul_of_npc },
{ 0x147, "Soul of the Patrolling Gerudos", EGameIcon::soul_of_npc },
{ 0x148, "Soul of Cuccos (OoT)", EGameIcon::soul_of_animal },
{ 0x149, "Soul of Cows (OoT)", EGameIcon::soul_of_animal },
{ 0x14A, "Soul of Dogs (OoT)", EGameIcon::soul_of_animal },
{ 0x14B, "Soul of Butterflies (OoT)", EGameIcon::soul_of_animal },
{ 0x14C, "Soul of Gold Skulltulas (OoT)", EGameIcon::soul_of_npc },
{ 0x14D, "Soul of Business Scrubs (OoT)", EGameIcon::soul_of_npc },
{ 0x14E, "Key Ring (OoT)", EGameIcon::key_ring },
{ 0x14F, "Key Ring (Forest)", EGameIcon::key_ring },
{ 0x150, "Key Ring (Fire)", EGameIcon::key_ring },
{ 0x151, "Key Ring (Water)", EGameIcon::key_ring },
{ 0x152, "Key Ring (Spirit)", EGameIcon::key_ring },
{ 0x153, "Key Ring (Shadow)", EGameIcon::key_ring },
{ 0x154, "Key Ring (Ganon)", EGameIcon::key_ring },
{ 0x155, "Key Ring (Well)", EGameIcon::key_ring },
{ 0x156, "Key Ring (Hideout)", EGameIcon::key_ring },
{ 0x157, "Key Ring (GTG)", EGameIcon::key_ring },
{ 0x158, "Skeleton Key (OoT)", EGameIcon::skeleton_key },
{ 0x159, "Coin (Red)", EGameIcon::red_coin },
{ 0x15A, "Coin (Green)", EGameIcon::green_coin },
{ 0x15B, "Coin (Blue)", EGameIcon::blue_coin },
{ 0x15C, "Coin (Yellow)", EGameIcon::yellow_coin },
{ 0x15D, "Triforce of Power", EGameIcon::triforce_power },
{ 0x15E, "Triforce of Courage", EGameIcon::triforce_courage },
{ 0x15F, "Triforce of Wisdom", EGameIcon::triforce_wisdom },
{ 0x160, "Silver Rupee Pouch (Dodongo's Cavern)", EGameIcon::silver_pouch },
{ 0x161, "Silver Rupee Pouch (Bottom of the Well)", EGameIcon::silver_pouch },
{ 0x162, "Silver Rupee Pouch (Spirit Temple - Child)", EGameIcon::silver_pouch },
{ 0x163, "Silver Rupee Pouch (Spirit Temple - Sun Block)", EGameIcon::silver_pouch },
{ 0x164, "Silver Rupee Pouch (Spirit Temple - Boulders)", EGameIcon::silver_pouch },
{ 0x165, "Silver Rupee Pouch (Spirit Temple - Lobby)", EGameIcon::silver_pouch },
{ 0x166, "Silver Rupee Pouch (Spirit Temple - Adult)", EGameIcon::silver_pouch },
{ 0x167, "Silver Rupee Pouch (Shadow Temple - Scythe)", EGameIcon::silver_pouch },
{ 0x168, "Silver Rupee Pouch (Shadow Temple - Large Pits)", EGameIcon::silver_pouch },
{ 0x169, "Silver Rupee Pouch (Shadow Temple - Spikes)", EGameIcon::silver_pouch },
{ 0x16A, "Silver Rupee Pouch (Shadow Temple - Invisible Blades)", EGameIcon::silver_pouch },
{ 0x16B, "Silver Rupee Pouch (Ice Cavern - Scythe)", EGameIcon::silver_pouch },
{ 0x16C, "Silver Rupee Pouch (Ice Cavern - Block)", EGameIcon::silver_pouch },
{ 0x16D, "Silver Rupee Pouch (Gerudo Training Ground - Slopes)", EGameIcon::silver_pouch },
{ 0x16E, "Silver Rupee Pouch (Gerudo Training Ground - Lava)", EGameIcon::silver_pouch },
{ 0x16F, "Silver Rupee Pouch (Gerudo Training Ground - Water)", EGameIcon::silver_pouch },
{ 0x170, "Silver Rupee Pouch (Ganon's Castle - Spirit Trial)", EGameIcon::silver_pouch },
{ 0x171, "Silver Rupee Pouch (Ganon's Castle - Light Trial)", EGameIcon::silver_pouch },
{ 0x172, "Silver Rupee Pouch (Ganon's Castle - Fire Trial)", EGameIcon::silver_pouch },
{ 0x173, "Silver Rupee Pouch (Ganon's Castle - Forest Trial)", EGameIcon::silver_pouch },
{ 0x174, "Silver Rupee Pouch (Ganon's Castle - Shadow Trial)", EGameIcon::silver_pouch },
{ 0x175, "Silver Rupee Pouch (Ganon's Castle - Water Trial)", EGameIcon::silver_pouch },
{ 0x176, "Magical Silver Rupee", EGameIcon::magical_rupee },
{ 0x177, "A Button (OoT)", EGameIcon::a_button },
{ 0x178, "C-Right Button (OoT)", EGameIcon::c_right },
{ 0x179, "C-Left Button (OoT)", EGameIcon::c_left },
{ 0x17A, "C-Up Button (OoT)", EGameIcon::c_up },
{ 0x17B, "C-Down Button (OoT)", EGameIcon::c_down },
{ 0x17C, "Small Key (Chest Game)", EGameIcon::small_key },
{ 0x17D, "Key Ring (Chest Game)", EGameIcon::key_ring },
{ 0x17E, "Bottle of Red Potion (OoT)", EGameIcon::red_potion },
{ 0x17F, "Bottle of Green Potion (OoT)", EGameIcon::green_potion },
{ 0x180, "Bottle of Blue Potion (OoT)", EGameIcon::blue_potion },
{ 0x181, "Bottled Fairy (OoT)", EGameIcon::bottled_fairy },
{ 0x182, "Bottled Poe (OoT)", EGameIcon::bottled_poe },
{ 0x183, "Bottled Big Poe (OoT)", EGameIcon::bottled_big_poe },
{ 0x184, "Bottle of Blue Fire", EGameIcon::blue_fire },
{ 0x185, "Child Fish (2 pounds)", EGameIcon::carp_fish },
{ 0x186, "Child Fish (3 pounds)", EGameIcon::carp_fish },
{ 0x187, "Child Fish (4 pounds)", EGameIcon::carp_fish },
{ 0x188, "Child Fish (5 pounds)", EGameIcon::carp_fish },
{ 0x189, "Child Fish (6 pounds)", EGameIcon::carp_fish },
{ 0x18A, "Child Fish (7 pounds)", EGameIcon::carp_fish },
{ 0x18B, "Child Fish (8 pounds)", EGameIcon::carp_fish },
{ 0x18C, "Child Fish (9 pounds)", EGameIcon::carp_fish },
{ 0x18D, "Child Fish (10 pounds)", EGameIcon::carp_fish },
{ 0x18E, "Child Fish (11 pounds)", EGameIcon::carp_fish },
{ 0x18F, "Child Fish (12 pounds)", EGameIcon::carp_fish },
{ 0x190, "Child Fish (13 pounds)", EGameIcon::carp_fish },
{ 0x191, "Child Fish (14 pounds)", EGameIcon::carp_fish },
{ 0x192, "Adult Fish (4 pounds)", EGameIcon::carp_fish },
{ 0x193, "Adult Fish (5 pounds)", EGameIcon::carp_fish },
{ 0x194, "Adult Fish (6 pounds)", EGameIcon::carp_fish },
{ 0x195, "Adult Fish (7 pounds)", EGameIcon::carp_fish },
{ 0x196, "Adult Fish (8 pounds)", EGameIcon::carp_fish },
{ 0x197, "Adult Fish (9 pounds)", EGameIcon::carp_fish },
{ 0x198, "Adult Fish (10 pounds)", EGameIcon::carp_fish },
{ 0x199, "Adult Fish (11 pounds)", EGameIcon::carp_fish },
{ 0x19A, "Adult Fish (12 pounds)", EGameIcon::carp_fish },
{ 0x19B, "Adult Fish (13 pounds)", EGameIcon::carp_fish },
{ 0x19C, "Adult Fish (14 pounds)", EGameIcon::carp_fish },
{ 0x19D, "Adult Fish (15 pounds)", EGameIcon::carp_fish },
{ 0x19E, "Adult Fish (16 pounds)", EGameIcon::carp_fish },
{ 0x19F, "Adult Fish (17 pounds)", EGameIcon::carp_fish },
{ 0x1A0, "Adult Fish (18 pounds)", EGameIcon::carp_fish },
{ 0x1A1, "Adult Fish (19 pounds)", EGameIcon::carp_fish },
{ 0x1A2, "Adult Fish (20 pounds)", EGameIcon::carp_fish },
{ 0x1A3, "Adult Fish (21 pounds)", EGameIcon::carp_fish },
{ 0x1A4, "Adult Fish (22 pounds)", EGameIcon::carp_fish },
{ 0x1A5, "Adult Fish (23 pounds)", EGameIcon::carp_fish },
{ 0x1A6, "Adult Fish (24 pounds)", EGameIcon::carp_fish },
{ 0x1A7, "Adult Fish (25 pounds)", EGameIcon::carp_fish },
{ 0x1A8, "Child Loach (14 pounds)", EGameIcon::carp_fish },
{ 0x1A9, "Child Loach (15 pounds)", EGameIcon::carp_fish },
{ 0x1AA, "Child Loach (16 pounds)", EGameIcon::carp_fish },
{ 0x1AB, "Child Loach (17 pounds)", EGameIcon::carp_fish },
{ 0x1AC, "Child Loach (18 pounds)", EGameIcon::carp_fish },
{ 0x1AD, "Child Loach (19 pounds)", EGameIcon::carp_fish },
{ 0x1AE, "Adult Loach (29 pounds)", EGameIcon::carp_fish },
{ 0x1AF, "Adult Loach (30 pounds)", EGameIcon::carp_fish },
{ 0x1B0, "Adult Loach (31 pounds)", EGameIcon::carp_fish },
{ 0x1B1, "Adult Loach (32 pounds)", EGameIcon::carp_fish },
{ 0x1B2, "Adult Loach (33 pounds)", EGameIcon::carp_fish },
{ 0x1B3, "Adult Loach (34 pounds)", EGameIcon::carp_fish },
{ 0x1B4, "Adult Loach (35 pounds)", EGameIcon::carp_fish },
{ 0x1B5, "Adult Loach (36 pounds)", EGameIcon::carp_fish },
{ 0x1B6, "Bombchu Bag (OoT)", EGameIcon::bombchu_bag },
{ 0x1B7, "Big Bombchu Bag (OoT)", EGameIcon::bombchu_bag },
{ 0x1B8, "Biggest Bombchu Bag (OoT)", EGameIcon::bombchu_bag },
{ 0x1B9, "Bombchu Bag (OoT)", EGameIcon::bombchu_bag },
{ 0x1BA, "Bombchu Bag (OoT)", EGameIcon::bombchu_bag },
{ 0x1BB, "Bombchu Bag (OoT)", EGameIcon::bombchu_bag },
{ 0x1BC, "Razor Sword (OoT)", EGameIcon::razor },
{ 0x1BD, "Gilded Sword (OoT)", EGameIcon::gilded },
{ 0x1BE, "Spin Attack Upgrade (OoT)", EGameIcon::spin },
{ 0x1BF, "Triforce (OoT)", EGameIcon::triforce_piece },
{ 0x1C0, "Big Fairy (OoT)", EGameIcon::fairy },
{ 0x1C1, "Blast Mask (OoT)", EGameIcon::blast },
{ 0x1C2, "Stone Mask (OoT)", EGameIcon::stone },
{ 0x1C3, "Bronze Scale (OoT)", EGameIcon::bronze_scale },
{ 0x1C4, "Magic Mushroom", EGameIcon::mushroom },
{ 0x1C5, "Chateau Romani Refill", EGameIcon::chateau },
{ 0x1C6, "Chateau Romani", EGameIcon::chateau },
{ 0x1C7, "Seahorse", EGameIcon::seahorse },
{ 0x1C8, "Bottle of Gold Dust", EGameIcon::dust },
{ 0x1C9, "Bottle of Chateau Romani", EGameIcon::chateau },
{ 0x1CA, "Ice Trap", EGameIcon::ice_trap },
{ 0x1CB, "Fire Trap", EGameIcon::fire_trap },
{ 0x1CC, "Shock Trap", EGameIcon::shock_trap },
{ 0x1CD, "Drain Trap", EGameIcon::drain_trap },
{ 0x1CE, "Anti-Magic Trap", EGameIcon::magic_trap },
{ 0x1CF, "Knockback Trap", EGameIcon::knockback_trap },
{ 0x1D0, "Rupoor", EGameIcon::rupoor },
{ 0x1D1, "Platinum Token (OoT)", EGameIcon::gs_token },
{ 0x1D2, "Green Rupee (MM)", EGameIcon::rupee },
{ 0x1D3, "Blue Rupee (MM)", EGameIcon::blue_rupee },
{ 0x1D4, "Red Rupee (MM)", EGameIcon::red_rupee },
{ 0x1D5, "Red Rupee (MM)", EGameIcon::red_rupee },
{ 0x1D6, "Purple Rupee (MM)", EGameIcon::purple_rupee },
{ 0x1D7, "Silver Rupee (MM)", EGameIcon::sr },
{ 0x1D8, "Gold Rupee (MM)", EGameIcon::gold_rupee },
{ 0x1D9, "Adult Wallet (MM)", EGameIcon::wallet },
{ 0x1DA, "Giant Wallet (MM)", EGameIcon::big_wallet },
{ 0x1DB, "Recovery Heart (MM)", EGameIcon::heart },
{ 0x1DC, "Piece of Heart (MM)", EGameIcon::heart_piece },
{ 0x1DD, "Heart Container (MM)", EGameIcon::heart_container },
{ 0x1DE, "Small Magic Jar (MM)", EGameIcon::magic },
{ 0x1DF, "Large Magic Jar (MM)", EGameIcon::double_magic },
{ 0x1E0, "Stray Fairy (MM)", EGameIcon::sf },
{ 0x1E1, "Stray Fairy (Woodfall Temple)", EGameIcon::sf },
{ 0x1E2, "Stray Fairy (Snowhead Temple)", EGameIcon::sf_green },
{ 0x1E3, "Stray Fairy (Great Bay Temple)", EGameIcon::sf_blue },
{ 0x1E4, "Stray Fairy (Stone Tower Temple)", EGameIcon::sf_yellow },
{ 0x1E5, "Stray Fairy (Clock Town)", EGameIcon::sf_orange },
{ 0x1E6, "Transcendent Fairy", EGameIcon::sf_transcendent },
{ 0x1E7, "Bomb (MM)", EGameIcon::bomb },
{ 0x1E8, "5 Bombs (MM)", EGameIcon::bomb },
{ 0x1E9, "10 Bombs (MM)", EGameIcon::bomb },
{ 0x1EA, "20 Bombs (MM)", EGameIcon::bomb },
{ 0x1EB, "30 Bombs (MM)", EGameIcon::bomb },
{ 0x1EC, "Deku Stick (MM)", EGameIcon::stick },
{ 0x1ED, "10 Bombchu (MM)", EGameIcon::bombchu },
{ 0x1EE, "Bomb Bag (MM)", EGameIcon::bomb_bag },
{ 0x1EF, "Big Bomb Bag (MM)", EGameIcon::big_bomb },
{ 0x1F0, "Biggest Bomb Bag (MM)", EGameIcon::biggest_bomb },
{ 0x1F1, "10 Arrows (MM)", EGameIcon::arrow },
{ 0x1F2, "30 Arrows (MM)", EGameIcon::arrow },
{ 0x1F3, "40 Arrows (MM)", EGameIcon::arrow },
{ 0x1F4, "40 Arrows (MM)", EGameIcon::arrow },
{ 0x1F5, "Hero's Bow (MM)", EGameIcon::bow_mm },
{ 0x1F6, "Big Quiver (MM)", EGameIcon::big_quiver },
{ 0x1F7, "Biggest Quiver (MM)", EGameIcon::biggest_quiver },
{ 0x1F8, "Fire Arrows (MM)", EGameIcon::fire_arrow },
{ 0x1F9, "Ice Arrows (MM)", EGameIcon::ice_arrow },
{ 0x1FA, "Light Arrows (MM)", EGameIcon::light_arrow },
{ 0x1FB, "Nut (MM)", EGameIcon::nut },
{ 0x1FC, "5 Deku Nuts (MM)", EGameIcon::nut },
{ 0x1FD, "10 Deku Nuts (MM)", EGameIcon::nut },
{ 0x1FE, "30 Deku Nuts (MM)", EGameIcon::nut },
{ 0x1FF, "30 Deku Nuts (MM)", EGameIcon::nut },
{ 0x200, "40 Deku Nuts (MM)", EGameIcon::nut },
{ 0x201, "20 Bombchu (MM)", EGameIcon::bombchu },
{ 0x202, "20 Deku Sticks (MM)", EGameIcon::stick },
{ 0x203, "20 Deku Sticks (MM)", EGameIcon::stick },
{ 0x204, "30 Deku Sticks (MM)", EGameIcon::stick },
{ 0x205, "Deku Shield (MM)", EGameIcon::deku_shield },
{ 0x206, "Hero's Shield", EGameIcon::hero_shield },
{ 0x207, "Mirror Shield (MM)", EGameIcon::mirror_mm },
{ 0x208, "Progressive Deku Shield (MM)", EGameIcon::deku_shield },
{ 0x209, "Progressive Hero's Shield", EGameIcon::hero_shield },
{ 0x20A, "Powder Keg", EGameIcon::powder },
{ 0x20B, "Magic Bean (MM)", EGameIcon::bean },
{ 0x20C, "1 Bombchu (MM)", EGameIcon::bombchu },
{ 0x20D, "Kokiri Sword (MM)", EGameIcon::kokiri_mm },
{ 0x20E, "Razor Sword (MM)", EGameIcon::razor },
{ 0x20F, "Gilded Sword (MM)", EGameIcon::gilded },
{ 0x210, "5 Bombchu (MM)", EGameIcon::bombchu },
{ 0x211, "Great Fairy's Sword", EGameIcon::fairy_sword },
{ 0x212, "Small Key (MM)", EGameIcon::small_key },
{ 0x213, "Boss Key (MM)", EGameIcon::boss_key },
{ 0x214, "Map (MM)", EGameIcon::map },
{ 0x215, "Compass (MM)", EGameIcon::compass },
{ 0x216, "Hookshot (MM)", EGameIcon::hookshot_mm },
{ 0x217, "Lens of Truth (MM)", EGameIcon::lens },
{ 0x218, "Pictograph Box", EGameIcon::picto },
{ 0x219, "Ocarina of Time (MM)", EGameIcon::ocarina },
{ 0x21A, "Bombers' Notebook", EGameIcon::bombers },
{ 0x21B, "Bottle of Red Potion (MM)", EGameIcon::red_potion },
{ 0x21C, "Empty Bottle (MM)", EGameIcon::bottle },
{ 0x21D, "Red Potion (MM)", EGameIcon::red_potion },
{ 0x21E, "Green Potion (MM)", EGameIcon::green_potion },
{ 0x21F, "Blue Potion (MM)", EGameIcon::blue_potion },
{ 0x220, "Fairy (MM)", EGameIcon::fairy },
{ 0x221, "Bottle of Milk (MM)", EGameIcon::milk },
{ 0x222, "Fish (MM)", EGameIcon::bottled_fish },
{ 0x223, "Bugs (MM)", EGameIcon::bottled_bugs },
{ 0x224, "Big Poe (MM)", EGameIcon::bottled_big_poe },
{ 0x225, "Bottle of Gold Dust", EGameIcon::dust },
{ 0x226, "Magic Mushroom", EGameIcon::mushroom },
{ 0x227, "Bottle of Chateau Romani", EGameIcon::chateau },
{ 0x228, "Deku Mask", EGameIcon::deku },
{ 0x229, "Goron Mask (MM)", EGameIcon::goron },
{ 0x22A, "Zora Mask (MM)", EGameIcon::zora },
{ 0x22B, "Fierce Deity's Mask", EGameIcon::deity },
{ 0x22C, "Captain's Hat", EGameIcon::captain },
{ 0x22D, "Giant's Mask", EGameIcon::giant },
{ 0x22E, "All-Night Mask", EGameIcon::night },
{ 0x22F, "Bunny Hood (MM)", EGameIcon::bunny },
{ 0x230, "Keaton Mask", EGameIcon::keaton },
{ 0x231, "Garo's Mask", EGameIcon::garo },
{ 0x232, "Romani's Mask", EGameIcon::romani },
{ 0x233, "Circus Leader's Mask", EGameIcon::troupe },
{ 0x234, "Postman's Hat", EGameIcon::postman },
{ 0x235, "Couple's Mask", EGameIcon::couple },
{ 0x236, "Great Fairy's Mask", EGameIcon::fairy_mask },
{ 0x237, "Gibdo Mask", EGameIcon::gibdo },
{ 0x238, "Don Gero's Mask", EGameIcon::gero },
{ 0x239, "Kamaro's Mask", EGameIcon::kamaro },
{ 0x23A, "Mask of Truth (MM)", EGameIcon::truth },
{ 0x23B, "Stone Mask (MM)", EGameIcon::stone },
{ 0x23C, "Bremen Mask", EGameIcon::bremen },
{ 0x23D, "Blast Mask (MM)", EGameIcon::blast },
{ 0x23E, "Mask of Scents", EGameIcon::scents },
{ 0x23F, "Kafei's Mask", EGameIcon::kafei },
{ 0x240, "Chateau Romani Refill (MM)", EGameIcon::chateau },
{ 0x241, "Romani Milk", EGameIcon::milk },
{ 0x242, "Gold Dust", EGameIcon::dust },
{ 0x243, "Seahorse", EGameIcon::seahorse },
{ 0x244, "Moon's Tear", EGameIcon::moon },
{ 0x245, "Land Title Deed", EGameIcon::land },
{ 0x246, "Swamp Title Deed", EGameIcon::swamp },
{ 0x247, "Mountain Title Deed", EGameIcon::mountain },
{ 0x248, "Ocean Title Deed", EGameIcon::ocean },
{ 0x249, "Room Key", EGameIcon::key },
{ 0x24A, "Letter to Mama", EGameIcon::letter_mama },
{ 0x24B, "Letter to Kafei", EGameIcon::letter_kafei },
{ 0x24C, "Pendant of Memories", EGameIcon::pendant },
{ 0x24D, "World Map of Clock Town", EGameIcon::map },
{ 0x24E, "World Map of Woodfall", EGameIcon::map },
{ 0x24F, "World Map of Snowhead", EGameIcon::map },
{ 0x250, "World Map of Ranch", EGameIcon::map },
{ 0x251, "World Map of Great Bay", EGameIcon::map },
{ 0x252, "World Map of Stone Tower", EGameIcon::map },
{ 0x253, "Magic Upgrade (MM)", EGameIcon::magic_upgrade },
{ 0x254, "Larger Magic Upgrade (MM)", EGameIcon::large_magic_upgrade },
{ 0x255, "Double Defense (MM)", EGameIcon::defense },
{ 0x256, "Spin Attack Upgrade (MM)", EGameIcon::spin },
{ 0x257, "Sonata of Awakening", EGameIcon::song_green },
{ 0x258, "Goron Lullaby", EGameIcon::song_red },
{ 0x259, "New Wave Bossa Nova", EGameIcon::song_blue },
{ 0x25A, "Elegy of Emptiness (MM)", EGameIcon::song_orange },
{ 0x25B, "Oath to Order", EGameIcon::song_purple },
{ 0x25C, "Song of Time (MM)", EGameIcon::song },
{ 0x25D, "Song of Healing", EGameIcon::song },
{ 0x25E, "Epona's Song (MM)", EGameIcon::song },
{ 0x25F, "Song of Soaring", EGameIcon::song },
{ 0x260, "Song of Storms (MM)", EGameIcon::song },
{ 0x261, "Sun's Song (MM)", EGameIcon::song },
{ 0x262, "Progressive Goron Lullaby", EGameIcon::song_red },
{ 0x263, "Note from Sonata of Awakening (MM)", EGameIcon::song_green },
{ 0x264, "Note from Goron Lullaby (MM)", EGameIcon::song_red },
{ 0x265, "Note from New Wave Bossa Nova (MM)", EGameIcon::song_blue },
{ 0x266, "Note from Elegy of Emptiness (MM)", EGameIcon::song_orange },
{ 0x267, "Note from Oath to Order (MM)", EGameIcon::song_purple },
{ 0x268, "Note from Song of Time (MM)", EGameIcon::song },
{ 0x269, "Note from Song of Healing (MM)", EGameIcon::song },
{ 0x26A, "Note from Epona's Song (MM)", EGameIcon::song },
{ 0x26B, "Note from Song of Soaring (MM)", EGameIcon::song },
{ 0x26C, "Note from Song of Storms (MM)", EGameIcon::song },
{ 0x26D, "Note from Sun's Song (MM)", EGameIcon::song },
{ 0x26E, "Odolwa's Remains", EGameIcon::odolwa },
{ 0x26F, "Goht's Remains", EGameIcon::goht },
{ 0x270, "Gyorg's Remains", EGameIcon::gyorg },
{ 0x271, "Twinmold's Remains", EGameIcon::twinmold },
{ 0x272, "Swamp Skulltula Token", EGameIcon::swamp_token },
{ 0x273, "Ocean Skulltula Token", EGameIcon::ocean_token },
{ 0x274, "Platinum Token (MM)", EGameIcon::gs_token },
{ 0x275, "Small Key (Woodfall Temple)", EGameIcon::small_key },
{ 0x276, "Small Key (Snowhead Temple)", EGameIcon::small_key },
{ 0x277, "Small Key (Great Bay Temple)", EGameIcon::small_key },
{ 0x278, "Small Key (Stone Tower Temple)", EGameIcon::small_key },
{ 0x279, "Boss Key (Woodfall Temple)", EGameIcon::boss_key },
{ 0x27A, "Boss Key (Snowhead Temple)", EGameIcon::boss_key },
{ 0x27B, "Boss Key (Great Bay Temple)", EGameIcon::boss_key },
{ 0x27C, "Boss Key (Stone Tower Temple)", EGameIcon::boss_key },
{ 0x27D, "Map (Woodfall Temple)", EGameIcon::map },
{ 0x27E, "Map (Snowhead Temple)", EGameIcon::map },
{ 0x27F, "Map (Great Bay Temple)", EGameIcon::map },
{ 0x280, "Map (Stone Tower Temple)", EGameIcon::map },
{ 0x281, "Compass (Woodfall Temple)", EGameIcon::compass },
{ 0x282, "Compass (Snowhead Temple)", EGameIcon::compass },
{ 0x283, "Compass (Great Bay Temple)", EGameIcon::compass },
{ 0x284, "Compass (Stone Tower Temple)", EGameIcon::compass },
{ 0x285, "Fairy Ocarina (MM)", EGameIcon::fairy_ocarina },
{ 0x286, "Short Hookshot (MM)", EGameIcon::hookshot_oot },
{ 0x287, "Child Wallet (MM)", EGameIcon::child_wallet },
{ 0x288, "Colossal Wallet (MM)", EGameIcon::colossal_wallet },
{ 0x289, "Owl Statue (Great Bay)", EGameIcon::owl },
{ 0x28A, "Owl Statue (Zora Cape)", EGameIcon::owl },
{ 0x28B, "Owl Statue (Snowhead)", EGameIcon::owl },
{ 0x28C, "Owl Statue (Mountain Village)", EGameIcon::owl },
{ 0x28D, "Owl Statue (Clock Town)", EGameIcon::owl },
{ 0x28E, "Owl Statue (Milk Road)", EGameIcon::owl },
{ 0x28F, "Owl Statue (Woodfall)", EGameIcon::owl },
{ 0x290, "Owl Statue (Southern Swamp)", EGameIcon::owl },
{ 0x291, "Owl Statue (Ikana Canyon)", EGameIcon::owl },
{ 0x292, "Owl Statue (Stone Tower)", EGameIcon::owl },
{ 0x293, "Owl Statue (Hidden)", EGameIcon::none },
{ 0x294, "Bottomless Wallet (MM)", EGameIcon::botomless_wallet },
{ 0x295, "Soul of Octoroks (MM)", EGameIcon::soul_of_foe },
{ 0x296, "Soul of Wallmasters (MM)", EGameIcon::soul_of_foe },
{ 0x297, "Soul of Dodongos (MM)", EGameIcon::soul_of_foe },
{ 0x298, "Soul of Keese (MM)", EGameIcon::soul_of_foe },
{ 0x299, "Soul of Tektites (MM)", EGameIcon::soul_of_foe },
{ 0x29A, "Soul of Peahats (MM)", EGameIcon::soul_of_foe },
{ 0x29B, "Soul of Lizalfos/Dinolfos (MM)", EGameIcon::soul_of_foe },
{ 0x29C, "Soul of Skulltulas (MM)", EGameIcon::soul_of_foe },
{ 0x29D, "Soul of Armos (MM)", EGameIcon::soul_of_foe },
{ 0x29E, "Soul of Deku Babas (MM)", EGameIcon::soul_of_foe },
{ 0x29F, "Soul of Deku Scrubs (MM)", EGameIcon::soul_of_foe },
{ 0x2A0, "Soul of Bubbles (MM)", EGameIcon::soul_of_foe },
{ 0x2A1, "Soul of Beamos (MM)", EGameIcon::soul_of_foe },
{ 0x2A2, "Soul of ReDeads/Gibdos (MM)", EGameIcon::soul_of_foe },
{ 0x2A3, "Soul of Skullwalltulas (MM)", EGameIcon::soul_of_foe },
{ 0x2A4, "Soul of Shell Blades (MM)", EGameIcon::soul_of_foe },
{ 0x2A5, "Soul of Like Likes (MM)", EGameIcon::soul_of_foe },
{ 0x2A6, "Soul of Iron Knuckles (MM)", EGameIcon::soul_of_foe },
{ 0x2A7, "Soul of Freezards (MM)", EGameIcon::soul_of_foe },
{ 0x2A8, "Soul of Wolfos (MM)", EGameIcon::soul_of_foe },
{ 0x2A9, "Soul of Guays (MM)", EGameIcon::soul_of_foe },
{ 0x2AA, "Soul of Flying Pots (MM)", EGameIcon::soul_of_foe },
{ 0x2AB, "Soul of Floormasters (MM)", EGameIcon::soul_of_foe },
{ 0x2AC, "Soul of Chuchus", EGameIcon::soul_of_foe },
{ 0x2AD, "Soul of Deep Pythons", EGameIcon::soul_of_foe },
{ 0x2AE, "Soul of Stalchildren (MM)", EGameIcon::soul_of_foe },
{ 0x2AF, "Soul of Leevers (MM)", EGameIcon::soul_of_foe },
{ 0x2B0, "Soul of Skullfish (MM)", EGameIcon::soul_of_foe },
{ 0x2B1, "Soul of Dexihands", EGameIcon::soul_of_foe },
{ 0x2B2, "Soul of Dragonflies", EGameIcon::soul_of_foe },
{ 0x2B3, "Soul of Eenoes", EGameIcon::soul_of_foe },
{ 0x2B4, "Soul of Eyegores", EGameIcon::soul_of_foe },
{ 0x2B5, "Soul of Hiploops", EGameIcon::soul_of_foe },
{ 0x2B6, "Soul of Real Bombchu", EGameIcon::soul_of_foe },
{ 0x2B7, "Soul of Takkuri", EGameIcon::soul_of_foe },
{ 0x2B8, "Soul of Boes", EGameIcon::soul_of_foe },
{ 0x2B9, "Soul of Nejirons", EGameIcon::soul_of_foe },
{ 0x2BA, "Soul of Bio Babas", EGameIcon::soul_of_foe },
{ 0x2BB, "Soul of Garo", EGameIcon::soul_of_foe },
{ 0x2BC, "Soul of Wizzrobes", EGameIcon::soul_of_foe },
{ 0x2BD, "Soul of Gomess", EGameIcon::soul_of_foe },
{ 0x2BE, "Soul of Gekkos", EGameIcon::soul_of_foe },
{ 0x2BF, "Soul of Bad Bats", EGameIcon::soul_of_foe },
{ 0x2C0, "Soul of Snappers", EGameIcon::soul_of_foe },
{ 0x2C1, "Soul of Warts", EGameIcon::soul_of_foe },
{ 0x2C2, "Soul of Captain Keeta", EGameIcon::soul_of_foe },
{ 0x2C3, "Soul of the Fighting Pirates", EGameIcon::soul_of_foe },
{ 0x2C4, "Soul of Poes (MM)", EGameIcon::soul_of_foe },
{ 0x2C5, "Soul of Odolwa", EGameIcon::soul_of_boss },
{ 0x2C6, "Soul of Goht", EGameIcon::soul_of_boss },
{ 0x2C7, "Soul of Gyorg", EGameIcon::soul_of_boss },
{ 0x2C8, "Soul of Twinmold", EGameIcon::soul_of_boss },
{ 0x2C9, "Soul of Igos", EGameIcon::soul_of_boss },
{ 0x2CA, "Soul of Madame Aroma (MM)", EGameIcon::soul_of_npc },
{ 0x2CB, "Soul of Town Archery Owner (MM)", EGameIcon::soul_of_npc },
{ 0x2CC, "Soul of Swamp Archery Owner (MM)", EGameIcon::soul_of_npc },
{ 0x2CD, "Soul of Gorons (MM)", EGameIcon::soul_of_npc },
{ 0x2CE, "Soul of the Goron Baby (MM)", EGameIcon::soul_of_npc },
{ 0x2CF, "Soul of the Bomb Shop Owner (MM)", EGameIcon::soul_of_npc },
{ 0x2D0, "Soul of Bombers (MM)", EGameIcon::soul_of_npc },
{ 0x2D1, "Soul of the Deku Butler", EGameIcon::soul_of_npc },
{ 0x2D2, "Soul of Citizens (MM)", EGameIcon::soul_of_npc },
{ 0x2D3, "Soul of Composer Bros. (MM)", EGameIcon::soul_of_npc },
{ 0x2D4, "Soul of Dampe (MM)", EGameIcon::soul_of_npc },
{ 0x2D5, "Soul of the Deku King", EGameIcon::soul_of_npc },
{ 0x2D6, "Soul of the Deku Princess", EGameIcon::soul_of_npc },
{ 0x2D7, "Soul of Playground Scrubs", EGameIcon::soul_of_npc },
{ 0x2D8, "Soul of the Goron Elder", EGameIcon::soul_of_npc },
{ 0x2D9, "Soul of the Fisherman (MM)", EGameIcon::soul_of_npc },
{ 0x2DA, "Soul of the Goron Shopkeeper (MM)", EGameIcon::soul_of_npc },
{ 0x2DB, "Soul of Honey & Darling (MM)", EGameIcon::soul_of_npc },
{ 0x2DC, "Soul of Toto(MM)", EGameIcon::soul_of_npc },
{ 0x2DD, "Soul of Lulu (MM)", EGameIcon::soul_of_npc },
{ 0x2DE, "Soul of the Zora Musicians", EGameIcon::soul_of_npc },
{ 0x2DF, "Soul of Kafei", EGameIcon::soul_of_npc },
{ 0x2E0, "Soul of Keaton", EGameIcon::soul_of_npc },
{ 0x2E1, "Soul of Koume and Kotake", EGameIcon::soul_of_npc },
{ 0x2E2, "Soul of Mayor Dotour", EGameIcon::soul_of_npc },
{ 0x2E3, "Soul of Keg Trial Goron (MM)", EGameIcon::soul_of_npc },
{ 0x2E4, "Soul of Biggoron (MM)", EGameIcon::soul_of_npc },
{ 0x2E5, "Soul of Mr. Barten (MM)", EGameIcon::soul_of_npc },
{ 0x2E6, "Soul of Astronomer (MM)", EGameIcon::soul_of_npc },
{ 0x2E7, "Soul of Ghost Hut Owner (MM)", EGameIcon::soul_of_npc },
{ 0x2E8, "Soul of Blacksmiths", EGameIcon::soul_of_npc },
{ 0x2E9, "Soul of Chest Game Lady (MM)", EGameIcon::soul_of_npc },
{ 0x2EA, "Soul of Tingle", EGameIcon::soul_of_npc },
{ 0x2EB, "Soul of Toilet Hand", EGameIcon::soul_of_npc },
{ 0x2EC, "Soul of Trading Post Owner (MM)", EGameIcon::soul_of_npc },
{ 0x2ED, "Soul of Part-Timer (MM)", EGameIcon::soul_of_npc },
{ 0x2EE, "Soul of Zoras (MM)", EGameIcon::soul_of_npc },
{ 0x2EF, "Soul of the Zora Shopkeeper (MM)", EGameIcon::soul_of_npc },
{ 0x2F0, "Soul of Romani/Cremia (MM)", EGameIcon::soul_of_npc },
{ 0x2F1, "Soul of the Beans Salesman (MM)", EGameIcon::soul_of_npc },
{ 0x2F2, "Soul of Carpenters (MM)", EGameIcon::soul_of_npc },
{ 0x2F3, "Soul of Anju (MM)", EGameIcon::soul_of_npc },
{ 0x2F4, "Soul of Guru-Guru (MM)", EGameIcon::soul_of_npc },
{ 0x2F5, "Soul of the Scientist (MM)", EGameIcon::soul_of_npc },
{ 0x2F6, "Soul of Gorman & Bros. (MM)", EGameIcon::soul_of_npc },
{ 0x2F7, "Soul of Grog (MM)", EGameIcon::soul_of_npc },
{ 0x2F8, "Soul of Dog Lady (MM)", EGameIcon::soul_of_npc },
{ 0x2F9, "Soul of Swordsman (MM)", EGameIcon::soul_of_npc },
{ 0x2FA, "Soul of Anju's Grandmother (MM)", EGameIcon::soul_of_npc },
{ 0x2FB, "Soul of Tourist Center Owner", EGameIcon::soul_of_npc },
{ 0x2FC, "Soul of the Banker (MM)", EGameIcon::soul_of_npc },
{ 0x2FD, "Soul of Moon Children", EGameIcon::soul_of_npc },
{ 0x2FE, "Soul of the Patrolling Pirates and their Chief", EGameIcon::soul_of_npc },
{ 0x2FF, "Soul of Cuccos (MM)", EGameIcon::soul_of_animal },
{ 0x300, "Soul of Cows (MM)", EGameIcon::soul_of_animal },
{ 0x301, "Sould of Dogs (MM)", EGameIcon::soul_of_animal },
{ 0x302, "Soul of Butterflies (MM)", EGameIcon::soul_of_animal },
{ 0x303, "Soul of Gold Skulltulas (MM)", EGameIcon::soul_of_npc },
{ 0x304, "Soul of Business Scrubs (MM)", EGameIcon::soul_of_npc },
{ 0x305, "Key Ring (MM)", EGameIcon::key_ring },
{ 0x306, "Key Ring (Woodfall)", EGameIcon::key_ring },
{ 0x307, "Key Ring (Snowhead)", EGameIcon::key_ring },
{ 0x308, "Key Ring (Great Bay)", EGameIcon::key_ring },
{ 0x309, "Key Ring (Stone Tower)", EGameIcon::key_ring },
{ 0x30A, "Skeleton Key (MM)", EGameIcon::skeleton_key },
{ 0x30B, "A Button (MM)", EGameIcon::a_button },
{ 0x30C, "C-Right Button (MM)", EGameIcon::c_right },
{ 0x30D, "C-Left Button (MM)", EGameIcon::c_left },
{ 0x30E, "C-Up Button (MM)", EGameIcon::c_up },
{ 0x30F, "C-Down Button (MM)", EGameIcon::c_down },
{ 0x310, "Bottle of Green Potion (MM)", EGameIcon::green_potion },
{ 0x311, "Bottle of Blue Potion (MM)", EGameIcon::blue_potion },
{ 0x312, "Bottled Fairy (MM)", EGameIcon::bottled_fairy },
{ 0x313, "Poe (MM)", EGameIcon::bottled_poe },
{ 0x314, "Bottled Poe (MM)", EGameIcon::bottled_poe },
{ 0x315, "Bottled Big Poe (MM)", EGameIcon::bottled_big_poe },
{ 0x316, "Bombchu Bag (MM)", EGameIcon::bombchu_bag },
{ 0x317, "Big Bombchu Bag (MM)", EGameIcon::bombchu_bag },
{ 0x318, "Biggest Bombchu Bag (MM)", EGameIcon::bombchu_bag },
{ 0x319, "Bombchu Bag (MM)", EGameIcon::bombchu_bag },
{ 0x31A, "Bombchu Bag (MM)", EGameIcon::bombchu_bag },
{ 0x31B, "Bombchu Bag (MM)", EGameIcon::bombchu_bag },
{ 0x31C, "Bombchu Bag (MM)", EGameIcon::bombchu_bag },
{ 0x31D, "Big Fairy (MM)", EGameIcon::fairy },
{ 0x31E, "Din's Fire (MM)", EGameIcon::din },
{ 0x31F, "Farore's Wind (MM)", EGameIcon::farore },
{ 0x320, "Nayru's Love (MM)", EGameIcon::nayru },
{ 0x321, "Iron Boots (MM)", EGameIcon::iron },
{ 0x322, "Hover Boots (MM)", EGameIcon::hover },
{ 0x323, "Goron Tunic (MM)", EGameIcon::goron_tunic },
{ 0x324, "Zora Tunic (MM)", EGameIcon::zora_tunic },
{ 0x325, "Bronze Scale (MM)", EGameIcon::bronze_scale },
{ 0x326, "Silver Scale (MM)", EGameIcon::silver },
{ 0x327, "Golden Scale (MM)", EGameIcon::golden },
{ 0x328, "Goron's Bracelet (MM)", EGameIcon::bracelet },
{ 0x329, "Silver Gauntlets (MM)", EGameIcon::silver_gauntlet },
{ 0x32A, "Golden Gauntlets (MM)", EGameIcon::golden_gauntlet },
{ 0x32B, "Clock (Day 1)", EGameIcon::clock_d1 },
{ 0x32C, "Clock (Night 1)", EGameIcon::clock_n1 },
{ 0x32D, "Clock (Day 2)", EGameIcon::clock_d2 },
{ 0x32E, "Clock (Night 2)", EGameIcon::clock_n2 },
{ 0x32F, "Clock (Day 3)", EGameIcon::clock_d3 },
{ 0x330, "Clock (Night 3)", EGameIcon::clock_n3 },
{ 0x331, "Megaton Hammer (MM)", EGameIcon::hammer },
{ 0x332, "Deku Stick Upgrade (MM)", EGameIcon::stick_upgrade_1 },
{ 0x333, "Second Deku Stick Upgrade (MM)", EGameIcon::stick_upgrade_2 },
{ 0x334, "Deku Nut Upgrade (MM)", EGameIcon::nut_upgrade_1 },
{ 0x335, "Second Deku Nut Upgrade (MM)", EGameIcon::nut_upgrade_2 },
{ 0x336, "Stone of Agony (MM)", EGameIcon::agony },
{ 0x337, "Ruto's Letter", EGameIcon::ruto },
{ 0x338, "Bottle of Blue Fire", EGameIcon::blue_fire },
{ 0x339, "Blue Fire", EGameIcon::blue_fire },
{ 0x33A, "Majora's Mask", EGameIcon::mask },
{ 0x33B, "Sold Out", EGameIcon::none },
{ 0x33C, "Nothing", EGameIcon::none },
{ 0x33D, "MM Scoop", EGameIcon::none },
